,tweetID,tweetText,tweetRetweetCt,tweetFavoriteCt,tweetSource,tweetCreated,userID,userScreen,userName,userCreateDt,userDesc,userFollowerCt,userFriendsCt,userLocation,userTimezone
0,693579882224161000,@jerseymes no we need a president that isn't Donald Trump.,0,0,Aeries 2,2016-01-30 23:41:44,26369166,whyJoe,Joe Z.,2009-03-25 00:15:06,iconoclast. relativist. humanist. misanthrope. absolutist. rationalist... and guy who doesn't care about your iDevice.,593,530,"Orlando, Florida",Eastern Time (US & Canada)
1,693579061134635000,@tedcruz sent shaming letters to Iowa voters. Do we want a someone like that to be our President? We need #Trump https://t.co/4otHAHta8g,0,0,Twitter for Android,2016-01-30 23:38:28,199368416,Elvisfan1976,Melanie Deal,2010-10-06 17:54:32,A Trump Supporter + A member of the Choctaw Nation of Oklahoma and I love Neal McCoy and Elvis Presley!,1313,2893,"McAlester, OK",
2,693578410799538000,"@Queenie051369 , how do you feel about Trump?",0,1,Twitter for Android,2016-01-30 23:35:53,3442573227,philr260,philr,2015-08-26 02:56:06,,2,21,,
3,693578098629960000,Somehow this Donald trump pi√±ata became a David Bowie pi√±ata‚Ä¶ I'm pretty confused @ San‚Ä¶ https://t.co/cumZGTMm2h,0,0,Instagram,2016-01-30 23:34:39,21015268,MarkMarvel,Mark Marvel,2009-02-16 19:14:11,I like to rock.,509,373,"iPhone: 37.790573,-122.408897",Alaska
4,693577361262903000,"RT @pbump: No candidate since 1992, when Gallup changed its system, has been viewed more unfavorably than Donald Trump. https://t.co/Nr7xtN‚Ä¶",14,0,Twitter for iPhone,2016-01-30 23:31:43,110747941,Sunshine3324,Judy Smith,2010-02-02 16:49:52,"Wife, Mom, Stepmom, Grandma, Christian, business owner, true-crime follower, devoted Colorado Rockies fan. Porn or sexually-oriented tweeters will be blocked.",602,1265,Colorado,Mountain Time (US & Canada)
5,693576580770083000,"If any Veteran thinks trump CARES at all about Veteran welfare !!!!!!

RT @LibsInAmerica: This is (cont) https://t.co/5kO24PzOtm",0,0,TweetCaster for Android,2016-01-30 23:28:37,19306602,Werdnat,Andrew Tolbert,2009-01-21 20:40:54,,593,2170,Texas,Central Time (US & Canada)
6,693576055748190000,"RT @pbump: No candidate since 1992, when Gallup changed its system, has been viewed more unfavorably than Donald Trump. https://t.co/Nr7xtN‚Ä¶",14,0,Tweetbot for iŒüS,2016-01-30 23:26:32,22988800,adambanksdotcom,Adam Banks,2009-03-05 22:18:27,"Editorial producer. Copy fixer. Journalist. Designer. Educator. Gag writer. Camera futz. Family guy. Was Editor in Chief + Creative Director, MacUser. For hire.",2936,1688,"Newcastle upon Tyne, UK",London
7,693575803519406000,"RT @pbump: No candidate since 1992, when Gallup changed its system, has been viewed more unfavorably than Donald Trump. https://t.co/Nr7xtN‚Ä¶",14,0,Twitter for iPhone,2016-01-30 23:25:32,483050806,parkerwbriden,Parker Briden,2012-02-04 15:54:28,Missouri. Republican. Strong believer in rule number 76: No excuses play like a champion.,659,561,Mizzou,Central Time (US & Canada)
8,693574524529435000,"RT @pbump: No candidate since 1992, when Gallup changed its system, has been viewed more unfavorably than Donald Trump. https://t.co/Nr7xtN‚Ä¶",14,0,Twitter for iPhone,2016-01-30 23:20:27,53046002,zefirotorna,B. Justice,2009-07-02 12:16:34,Dogs are smarter than cats. I like numbers. Warning: I get blocked by Democratic Party operatives and right wing nut jobs. It makes me proud.,1314,693,Everywhere,Eastern Time (US & Canada)
9,693573418239840000,THE BBQ BRISKET SNADWICH IS SO üî•üî•üî• THE BUTTERED BUN WITH PICKLED CARROTS AND ONIONS AND HOMEMADE‚Ä¶ https://t.co/LBsmrNheuv,0,0,Instagram,2016-01-30 23:16:03,31347989,NUMP_Trump,Nump Trump 454,2009-04-15 05:19:07,MR I GOTT GRAPEZ!!!,,,,
10,693573295858434000,"RT @pbump: No candidate since 1992, when Gallup changed its system, has been viewed more unfavorably than Donald Trump. https://t.co/Nr7xtN‚Ä¶",14,0,Twitter for iPhone,2016-01-30 23:15:34,17282363,michael_hendrix,Michael Hendrix,2008-11-10 06:21:05,Director at U.S. Chamber Fdn | Writing on #tech #cities #startups | *Tweets are my own* :),1855,2054,"Washington, DC",
11,693573279832019000,Clown Trump Shirt available at https://t.co/ud0rVNkD6d if you wanna make America great again you'll get one‚Ä¶ https://t.co/UCJJVBusxp,0,1,Instagram,2016-01-30 23:15:30,326756275,hasanthehun,BigHas,2011-06-30 12:52:46,I am the youngest turk working @theyoungTurks   Host of Popcrunch - I'm way cooler on snapchat: BigHas,1951,539,"Istanbul, LA, NYC ",Istanbul
12,693571945611293000,"RT @pbump: No candidate since 1992, when Gallup changed its system, has been viewed more unfavorably than Donald Trump. https://t.co/Nr7xtN‚Ä¶",14,0,Twitter Web Client,2016-01-30 23:10:12,42313640,mccanner,erin mccann,2009-05-25 00:34:59,Photo person. Editor. Lover of Scrabble. Collector of old things and memories. Then: news ed @guardianUS. Now: other stuff @nytimes,5391,3235,Brooklyn,Eastern Time (US & Canada)
13,693570673831064000,"RT @pbump: No candidate since 1992, when Gallup changed its system, has been viewed more unfavorably than Donald Trump. https://t.co/Nr7xtN‚Ä¶",14,0,Twitter for iPhone,2016-01-30 23:05:09,249325206,WPAResearch,WPA Research,2011-02-08 20:37:56,"Conservative polling firm with unmatched accuracy. Experts in public opinion, analytics, behavioral science & donor research.",4117,3116,"Washington, D.C.",Eastern Time (US & Canada)
14,693570300571705000,"RT @pbump: No candidate since 1992, when Gallup changed its system, has been viewed more unfavorably than Donald Trump. https://t.co/Nr7xtN‚Ä¶",14,0,TweetDeck,2016-01-30 23:03:40,4491811,owenblacker,Owen Blacker,2007-04-13 12:31:57,"Mainly-gay, mainly-Welsh political geek and proud social justice warrior. @mySociety, @OpenRightsGroup, Wikipedian. Header photo by @ScottJoyce",3856,3491,London,London
15,693570253071196000,"RT @pbump: No candidate since 1992, when Gallup changed its system, has been viewed more unfavorably than Donald Trump. https://t.co/Nr7xtN‚Ä¶",14,0,Twitter for iPhone,2016-01-30 23:03:28,1543801099,TheAPJournalist,Andrew Peng,2013-06-24 17:53:31,"Executive editor at @ReadByline, @hsdems national marketing director. Word writer, straight talker, political junkie. andrew.peng@readbyline.com",4245,4993,"NJ/NYC/Washington, D.C.",Atlantic Time (Canada)
16,693570114407371000,"No candidate since 1992, when Gallup changed its system, has been viewed more unfavorably than Donald Trump. https://t.co/ROhFnTMfU4",0,0,pbump.net,2016-01-30 23:02:55,18013192,pbumpnet,pbumpnet,2008-12-10 05:32:25,"Interesting links on science, design, tech, and media. Oh, and politics.",76,0,,Eastern Time (US & Canada)
17,693570107767796000,"No candidate since 1992, when Gallup changed its system, has been viewed more unfavorably than Donald Trump. https://t.co/Nr7xtNZbUx",14,7,pbump.net,2016-01-30 23:02:54,950531,pbump,Philip Bump,2007-03-11 19:58:10,"Writer for The Washington Post's politics blog, The Fix. philip.bump@washpost.com",17470,561,NYC,Eastern Time (US & Canada)
18,693570094346048000,"This could help explain guys like me, Trump supporters. @davidlimbauh https://t.co/BnoILV9qMa",0,0,Twitter for Android,2016-01-30 23:02:51,180074028,frankybean,John Counts,2010-08-18 19:42:59,Born Again American firm believer that liberalism is an illness that starts in the spine and spreads to the brain. Donald Trump 2016,10523,11092,Lancaster Ohio,
19,693569914897089000,can i ever turn on the TV and NOT have the first word i hear be TRUMP?,0,2,TweetCaster for Android,2016-01-30 23:02:08,49780115,roughtradeX,Roman,2009-06-22 21:54:51,"Gay, but very str8 friendly. History/Science/Art/Architecture/Archaeology/Dudes and Dogs",3990,4228,,Eastern Time (US & Canada)
20,693568733500039000,CONGRADS TO MY PARE chefdeezy VALLEJOS FINEST OPENING UP HIS BBQ SPOT IN SAC #NumpVsFood‚Ä¶ https://t.co/bQdVHYL2oE,0,0,Instagram,2016-01-30 22:57:26,31347989,NUMP_Trump,Nump Trump 454,2009-04-15 05:19:07,MR I GOTT GRAPEZ!!!,,,,
21,693567300511863000,"@Enderledog the fox muslim owner is Saudi and anti trump. The five have no scruples,care more abt paycheck than am people. BOYCOTT FOX",0,0,Twitter for Android,2016-01-30 22:51:44,2737178169,LgLgarris62,Linda g,2014-08-08 12:36:48,"christian,conservative, nurse,animal lover,pro life,walking dead fan.dislike Hollywood, msm,liberals",1490,1462,,
22,693566350950797000,"RT @samhusseini: Here's my piece ""In Defense of the Rise of Trump"" from Dec: https://t.co/nQQNprMioy 
@JustinRaimondo @kenklippenstein",3,0,Twitter for Android,2016-01-30 22:47:58,109982213,pessoptimistic,Pessoptimistic,2010-01-30 23:09:06,"Non-Theist
ÿ£ÿπŸÑŸâ ÿßŸÑÿÆÿ±ÿßŸÅÿßÿ™ ŸáŸà ÿßŸÑÿ•ŸäŸÖÿßŸÜ ÿ®ÿßŸÑŸÑŸá :: ÿßÿ≠ÿ™ŸÑÿßŸÑ ÿßŸÑŸÑŸá Ÿà ÿßŸÑÿ¢ŸÑŸáÿ© ŸÑÿπŸÇŸàŸÑŸÜÿß ÿ£ŸÅÿØÿ≠ ÿ£ŸÜŸàÿßÿπ ÿßŸÑÿßÿ≠ÿ™ŸÑÿßŸÑ :: ÿßŸÑÿ±ÿ≥ŸàŸÑ ŸÖÿ≠ŸÖÿØ ŸÑŸÖ ŸäŸÉŸÜ ÿ≥ŸÜŸäÿßŸãÿå ŸàŸÑÿß ÿ≥ŸÑŸÅŸäÿßŸãÿå ŸàŸÑÿß ŸàŸáÿßÿ®ŸäÿßŸãÿå ŸàŸÑÿßÿ¥ŸäÿπŸäÿßŸã",545,1340,Terra,
23,693566065629086000,@stanlcup @ncartagena85 @steph93065 @LindaSuhler and Ted Cruz takes money from open border groups. https://t.co/Gi8KGzOeZv,0,0,Twitter for Windows Phone,2016-01-30 22:46:50,531875458,ckoivu,FreeAbedini,2012-03-21 03:11:44,,39,71,"Saginaw, MI",
24,693563717309506000,"RT @realDonaldTrump: If the presidential election were held today, according to this @surveyusa poll, Donald Trump would defeat any Dem: ht‚Ä¶",2824,0,Twitter for iPhone,2016-01-30 22:37:30,4826912636,organic2016,EightYearsforTrump,2016-01-28 19:58:41,"California native, mom, professional, and all around lover of the pursuit of happiness and prosperity for all legal Americans.",24,12,Orange County Ca. ,
25,693562003110117000,"RT @samhusseini: Here's my piece ""In Defense of the Rise of Trump"" from Dec: https://t.co/nQQNprMioy 
@JustinRaimondo @kenklippenstein",3,0,Twitter Web Client,2016-01-30 22:30:41,133261278,kazahann,Karen,2010-04-15 12:14:59,,1085,946,Toronto,Eastern Time (US & Canada)
26,693561772557607000,"RT @samhusseini: Here's my piece ""In Defense of the Rise of Trump"" from Dec: https://t.co/nQQNprMioy 
@JustinRaimondo @kenklippenstein",3,0,Twitter for Android,2016-01-30 22:29:46,1594595839,ComradeVeidt,Seth Edenbaum,2013-07-15 00:23:06,Politics all the way down.,213,385,Bad Karma,Eastern Time (US & Canada)
27,693561752211038000,"RT @samhusseini: I wrote piece attacking the attacks on Trump and @JustinRaimondo dismisses me for it, then basically does same month later‚Ä¶",1,0,Twitter for Android,2016-01-30 22:29:42,1594595839,ComradeVeidt,Seth Edenbaum,2013-07-15 00:23:06,Politics all the way down.,213,385,Bad Karma,Eastern Time (US & Canada)
28,693561483188240000,"RT @kshupe56: @FoxNews @JennaLeeUSA @ANHQDC 
I am afraid you have chosen wrong this time Phil. Cruz is sold out to the big donors!!! Vote T‚Ä¶",1,0,Twitter for iPhone,2016-01-30 22:28:37,3317319301,ktd101551,kathy,2015-08-17 01:13:13,,540,8,,Pacific Time (US & Canada)
29,693561203994579000,"Here's my piece ""In Defense of the Rise of Trump"" from Dec: https://t.co/nQQNprMioy 
@JustinRaimondo @kenklippenstein",3,2,Twitter for iPhone,2016-01-30 22:27:31,20731951,samhusseini,Sam Husseini,2009-02-12 23:36:15,"Do @accuracy (news releases), @dcstakeout (questioning politicos), @votepact (left & right pairing up) and @xposefacts (whistleblowers). Also, artsy.",4150,3723,Anti-DC,Central Time (US & Canada)
30,693560997026624000,"@FoxNews @JennaLeeUSA @ANHQDC 
I am afraid you have chosen wrong this time Phil. Cruz is sold out to the big donors!!! Vote Trump!!!!",1,0,Twitter for Android Tablets,2016-01-30 22:26:42,555376412,kshupe56,Karen Shupe,2012-04-16 19:50:57,"I am a wife, mother, teacher, and a Christian. I like photography, good books, movies and fashion.",193,61,,
31,693560689269543000,"I wrote piece attacking the attacks on Trump and @JustinRaimondo dismisses me for it, then basically does same month later @kenklippenstein",1,0,Twitter for iPhone,2016-01-30 22:25:28,20731951,samhusseini,Sam Husseini,2009-02-12 23:36:15,"Do @accuracy (news releases), @dcstakeout (questioning politicos), @votepact (left & right pairing up) and @xposefacts (whistleblowers). Also, artsy.",4150,3723,Anti-DC,Central Time (US & Canada)
32,693558209068438000,"Can you recommend anyone for this #Sales #job? https://t.co/mZBcLoep7a #Chicago, IL #Hiring #CareerArc",0,0,TweetMyJOBS,2016-01-30 22:15:37,20831231,tmj_chi_sales,TMJ - CHI Sales Jobs,2009-02-14 04:29:48,"Follow this account for geo-targeted Sales job tweets in Chicago, IL. Need help? Tweet us at @CareerArc!",595,316,"Chicago, IL",Eastern Time (US & Canada)
33,693556167600116000,"As if #NYC didn't have enough traffic... #feelthebern #Rally #Trump #BernieSanders @ New York,‚Ä¶ https://t.co/hyOi3aIWhx",0,1,Instagram,2016-01-30 22:07:30,146491303,JonGodinez,Jonathan Godinez,2010-05-21 15:25:54,Videographer. Video/Film Editor. Photographer,282,655,NYC | Miami,
34,693555956219687000,Trump's supporters #presidentialelection #donaldtrump #dumptrump‚Ä¶ https://t.co/byraR5EXWm,0,0,Instagram,2016-01-30 22:06:40,33859210,DaniDur,DaniDur,2009-04-21 09:27:42,Curious and open minded,325,151,New York,Central Time (US & Canada)
35,693554376510669000,@GovMikeHuckabee had one reason to attend Trump rally and that was to stand for vets not use as a political gain! https://t.co/8BTsnQo7BM,0,0,Twitter for iPhone,2016-01-30 22:00:23,2488670390,Kristy_Mickle88,Kristy Mickle,2014-05-10 19:38:28,"AL District 4 Chair @GovMikeHuckabee Presidential Campaign. #GOP #ImWithHuck and proud of it!A good, strong leader that leads following Christ.The right leader!",95,59,,
36,693553812288754000,"@WayneDupreeShow we want gop destroyed they only care abt the wealthy. Time to go. Im ind ,registered gop 2vote trump. No more RNC-priebus!!",0,1,Twitter for Android,2016-01-30 21:58:09,2737178169,LgLgarris62,Linda g,2014-08-08 12:36:48,"christian,conservative, nurse,animal lover,pro life,walking dead fan.dislike Hollywood, msm,liberals",1490,1462,,
37,693552204066771000,"@JonFeere nice how rubio want s to give illegals kids fr ed w taxpayer money,while taxpayer cant afford college. Trump cares abt am kids 2",0,2,Twitter for Android,2016-01-30 21:51:45,2737178169,LgLgarris62,Linda g,2014-08-08 12:36:48,"christian,conservative, nurse,animal lover,pro life,walking dead fan.dislike Hollywood, msm,liberals",1490,1462,,
38,693551021415490000,Gilmore makes more sense than Trump.,0,0,TweetCaster for iOS,2016-01-30 21:47:03,394496693,DonPastor1,Don  Howard,2011-10-20 05:04:13,"Son of man, I have made thee a watchman unto the house of Israel: therefore hear the word at my mouth, and give them warning from me.
Ezekiel 3:17",487,473,"Bay,Arkansas ",Central Time (US & Canada)
39,693546165002998000,@Timodc @DocWashburn his campaign mgr knew debate questions. Her dad @foxnews wrote them. Levin fisnce kid works 4 cruz. TRUMP 2016,0,0,Twitter for Android,2016-01-30 21:27:45,2737178169,LgLgarris62,Linda g,2014-08-08 12:36:48,"christian,conservative, nurse,animal lover,pro life,walking dead fan.dislike Hollywood, msm,liberals",1490,1462,,
40,693546049588195000,Truth... @ Trump National Golf Club https://t.co/ynY0mk25Oc,0,1,Instagram,2016-01-30 21:27:18,2338831961,jpetrosini,James Petrosini,2014-02-12 05:21:59,Leader/Entrepreneur/Athlete/NPC Athlete/StrongMan-Powerlifting Athlete/Boxer,871,1986,NYC/LI/NJ,
41,693543667026391000,RT @gotothelimit: I'm stunned that Jerry Falwell of Liberty University is endorsing Trump ! You know he is no more Christian than Putin !!,6,0,Twitter for iPad,2016-01-30 21:17:50,821660419,gvhorn1,gvhorn,2012-09-13 15:00:22,,343,653,,Central Time (US & Canada)
42,693543628275208000,So we skated at the Trump Rink today. Does that count as an endorsement? @ Trump Lasker Skating‚Ä¶ https://t.co/Kx0RDr96fx,0,0,Instagram,2016-01-30 21:17:41,22574480,fauvefemme,Francesca Federico,2009-03-03 02:51:30,angsty demon,228,411,Paris/NY,Eastern Time (US & Canada)
43,693540545545790000,This is the face I've reserved for when Trump wins the #IowaCaucus‚Ä¶ https://t.co/TAkHsEcTAg,0,0,Instagram,2016-01-30 21:05:26,2493130506,KelseyKWitt,Kelsey Koenen Witt,2014-05-13 15:25:22,"KSL NewsRadio, Executive Producer of Talk: @DougWrightShow & @TheBrowsers. addicted to news, lover of all things aquatic. Tweets are my own.",268,666,"Salt Lake City, Utah",Central Time (US & Canada)
44,693536073381745000,Keeping up with politics @ Trump Building - 40 Wall St NYC https://t.co/eeDaihlWAN,0,0,Instagram,2016-01-30 20:47:39,1358044326,NatDiMario,Captain Nat DiMario,2013-04-16 23:02:29,They/them | Actor and Stage Manager | Tacos | Musicals | NatForEnjolras2k16 | #YayHamlet | Trotter in The Mousetrap | The Javert | Data has a manbun,293,509,U.S.S. Hamilton,Atlantic Time (Canada)
45,693535638562288000,"Memo to #NYTimes: worried about #Trump üí∞üíµ winning #GOP nomination? Endorse him. Drive 'em in droves to #Rubio #Kasich, &amp;, yes, even #Jeb",0,0,Twitter for iPhone,2016-01-30 20:45:56,413747298,CHIROPOLOS,Mike,2011-11-16 06:24:57,"Cryptic contrarian commentary on the World's Game, lesser sports, energy, ecology, and political economy -- from an Uneasy Perch in the High-Low Rockies",81,107,,Central Time (US & Canada)
46,693527379919004000,"@ianbrignell Should Trump win, it‚Äôs a given I‚Äôm out of here. (Or Mexico.)",0,0,Tweetbot for iŒüS,2016-01-30 20:13:07,20028873,jaycrimes,Jason Schwartz,2009-02-04 05:06:56,CD at @bbg & @avondaletypeco. Horror movies & waffles. #earth616,2822,280,"Chicago, IL",Central Time (US & Canada)
47,693526726555513000,I'll vote for Trump as long as he doesn't make his Haircut the National https://t.co/oKpw3270wA,0,0,Twitter for Android,2016-01-30 20:10:31,1476107802,jkruzel25,jkruzel25,2013-06-02 01:48:58,Lucky to be in the USA,1679,2049,"Reno, NV",
48,693525670757007000,trump 2k16 @ Monroe Park https://t.co/00XSMVqOST,0,1,Instagram,2016-01-30 20:06:19,810117253,kay_sattt,Kara Satterwhite,2012-09-08 03:41:59,"happy, free, confused, & lonely | #JMU2020",616,516,w/ @dylanobrien,
49,693524693379191000,"Stop #1: Awaiting Donald Trump's arrival in Clinton, IA. #makeamericagreatagain #orsohesays‚Ä¶ https://t.co/TPu2c9nYQZ",0,0,Instagram,2016-01-30 20:02:26,21526341,SoCoGOP,Joshua Foster,2009-02-21 23:15:20,"Conservative, Republican, devout Catholic. STL Blues and Cardinals fan. Aviation fanatic. Chief of Staff - Sen. Ed Emery.
Opinions are my own, RT ‚â† endorsement",556,773,"St. Louis, Missouri",Central Time (US & Canada)
50,693524292122771000,"Saudi prince takes on Trump on Twitter: ""I bailed you out twice"" https://t.co/hzFEN360hx via @HuffPostPol",0,0,Twitter for Android,2016-01-30 20:00:50,2955912641,cocoaram1906,9149601909,2015-01-02 02:15:40,,7,29,,
51,693524030813557000,"Awaiting Mr. Trump in Dubuque, Iowa. @ Dubuque Airport https://t.co/TeLoaLgX2h",0,1,Instagram,2016-01-30 19:59:48,16898332,Philip_Elliott,Phil Elliott,2008-10-22 01:54:16,"TIME Correspondent. Political geek. Proud Ohio University grad. Equal affinity for homemade casseroles, Michelin stars and early-state eateries.",21227,4695,"Washington, DC",Eastern Time (US & Canada)
52,693518506411717000,"@BitchestheCat Quick ?:If Trump actually became President, would anyone in the secret service actually take a bullet for him? Like for real",0,1,Twitter for Android,2016-01-30 19:37:51,2986216536,mybodyisbeirut,Van,2015-01-17 00:16:01,gnat,21,15,,
53,693518135220052000,"@lolgop Quick question: If Trump actually became President, would anyone in the secret service actually take a bullet for him? Like for real",0,0,Twitter for Android,2016-01-30 19:36:23,2986216536,mybodyisbeirut,Van,2015-01-17 00:16:01,gnat,21,15,,
54,693517982417326000,#trump #donaldtrump @ Trump Winery https://t.co/H7uRGkaDqm,0,0,Instagram,2016-01-30 19:35:46,14790377,scherzva,Mike Scherzer,2008-05-15 19:16:57,,274,299,"√úT: 34.188976,-118.613497",Eastern Time (US & Canada)
55,693516546031792000,Stephen Colbert moderated an all-Trump debate to clear up his flip-flopping https://t.co/P1b1nBsB8S,0,0,MI360,2016-01-30 19:30:04,174303316,ClickWhisperer,Click Whisperer,2010-08-03 16:16:06,"Shamelessly sharing what's working #online.
Moving beyond #analytics to usable #conclusions.
Care for some #science with your #marketing? #TEAMFOLLOWBACK",17625,17570,"Boca Raton, FLORIDA",Eastern Time (US & Canada)
56,693511389445489000,RT @gotothelimit: I'm stunned that Jerry Falwell of Liberty University is endorsing Trump ! You know he is no more Christian than Putin !!,6,0,Twitter for Android,2016-01-30 19:09:34,2732076406,mailsherene,mailsherene,2014-08-03 01:05:49,#Conservative  #Constitution #God #Jesus  #ccot #SupportOurTroops/Vets/Police #LoveAmerica #Family #Animals #WakeUpAmerica #Cruz2016 #PJNET,2820,2720,,America/New_York
57,693508371937366000,RT @gotothelimit: I'm stunned that Jerry Falwell of Liberty University is endorsing Trump ! You know he is no more Christian than Putin !!,6,0,Twitter for iPhone,2016-01-30 18:57:35,1732121486,hopingforachang,Marty,2013-09-05 14:27:37,I am a proud conservative American. I am happy to engage with those willing to discuss ideas openly and honestly. Trolls with agendas: Proceed at your own risk.,2501,988,America,Arizona
58,693506641195569000,When you have Starbucks problem and it's showing üòµüò≤üòÜüòÇüôàüôÉüôÉ @ Trump Tower New York https://t.co/8RBbh2r6Uu,0,1,Instagram,2016-01-30 18:50:42,26601969,princessaimz,ÓåÉAmyÓåÉ,2009-03-25 21:52:01,"Brooklyn girl with a heart of gold  ...I steal cats for a living 

IG Aimz08",907,556,NYC ,Eastern Time (US & Canada)
59,693505547857834000,I'm on a new level..... @ Trump Taj Mahal https://t.co/4JYBlIXwP6,0,0,Instagram,2016-01-30 18:46:21,220918882,RichYungNFlashy,Rich Flores,2010-11-29 06:32:40,NYC VIP nightlife concierge    TRIBE GVNG RoseDream Instagram - @Rich.Flores  (929)-329-6267,937,451,"New York, USA",Central Time (US & Canada)
60,693504260751766000,@kasthomas @7im Nobody tell Donald Trump!,0,0,Tweetbot for Mac,2016-01-30 18:41:15,19877062,lukedones,lukemeister,2009-02-01 21:11:42,Chico Science,1680,1781,"40.136397, -105.107532",Mountain Time (US & Canada)
61,693501723579527000,RT @gotothelimit: I'm stunned that Jerry Falwell of Liberty University is endorsing Trump ! You know he is no more Christian than Putin !!,6,0,Twitter for Android,2016-01-30 18:31:10,91736511,FULLDEFENCE,ART,2009-11-22 06:12:04,,208,262,,
62,693501187996328000,"@MikeYarrum Successful businessman? Carson also very good in his field. Immigration? Could go with Cruz, instead. What's Trump got (lol)?",0,0,Twitter for Android,2016-01-30 18:29:02,15115148,MikeYarrum,NaNoPeachMo,2008-06-14 07:08:33,"I'm very tired. When not so tired, i play Legend of the Elements (Powered by the Apocalypse)
he/him/his",103,433,Secret Clown Tunnel,Pacific Time (US & Canada)
63,693500776585400000,"Preaching to the choir I expect, but there's really no reason to vote for Trump, even from his own supporters' views.",0,0,Twitter for Android,2016-01-30 18:27:24,15115148,MikeYarrum,NaNoPeachMo,2008-06-14 07:08:33,"I'm very tired. When not so tired, i play Legend of the Elements (Powered by the Apocalypse)
he/him/his",103,433,Secret Clown Tunnel,Pacific Time (US & Canada)
64,693500528861540000,RT @pbump: Cockney Trump. https://t.co/IWEpauleR9,3,0,Twitter Web Client,2016-01-30 18:26:25,359807769,leederc,Chris Leeder,2011-08-22 06:10:10,"Postdoc Researcher, School of Communciation & Information, Rutgers University",152,227,"New Brunswick, NJ",Atlantic Time (Canada)
65,693500159720698000,"Want to work at Trump Hotels? We're #hiring in #Miami, FL! Click for details: https://t.co/NLZU70dK7t #Sales #Job #Jobs #CareerArc",0,0,TweetMyJOBS,2016-01-30 18:24:57,22262070,tmj_mia_sales,TMJ - MIA Sales Jobs,2009-02-28 15:00:47,"Follow this account for geo-targeted Sales job tweets in Miami, FL. Need help? Tweet us at @CareerArc!",442,309,USA-FL-Miami Metro,Eastern Time (US & Canada)
66,693498955728974000,RT @gotothelimit: I'm stunned that Jerry Falwell of Liberty University is endorsing Trump ! You know he is no more Christian than Putin !!,6,0,Twitter for Android,2016-01-30 18:20:10,1899052010,lenlucas46,Lucas,2013-09-24 02:59:18,,7797,5137,,
67,693498713126347000,How Donald John Trump aka #TheDonald gone be dancing his first day n office @foxnews #watchingthiselectionisalotlike https://t.co/Q5es4wYC6v,0,0,Twitter for iPhone,2016-01-30 18:19:12,192302220,Madeln305,Ian,2010-09-18 19:07:24,Own my own #Business. #StarGazer #SmallBiz #Networking #SandLover #Traveler. Spreading love to every1 1 day at a time. My #SafeSpace is #SouthBeach,2754,2290,"Miami, FL",Eastern Time (US & Canada)
68,693497858385777000,"@SenTedCruz , You sound ""stupid"" saying ""Trump just insult, you wish you where TRUMP""!!üá∫üá∏",0,0,Twitter for iPhone,2016-01-30 18:15:48,2485238625,newage88,wake up,2014-04-14 23:18:29,,4,24,,
69,693497808821842000,I'm stunned that Jerry Falwell of Liberty University is endorsing Trump ! You know he is no more Christian than Putin !!,6,7,Twitter for Android,2016-01-30 18:15:36,376203685,gotothelimit,Merlin,2011-09-19 13:52:06,"Mental Terrorist !  I Would Rather Screw  With Your Head Than Eat !!  
Lead Machine Design Engineer at Savannah River Nuclear Laboratory Staunch Conservative.",2352,1926,South Carolina,Eastern Time (US & Canada)
70,693497186617840000,RT @pbump: Cockney Trump. https://t.co/IWEpauleR9,3,0,Twitter for iPhone,2016-01-30 18:13:08,414191125,gt_casey,Garrett Casey,2011-11-16 19:01:33,"State House staffer. Proud @BowdoinOrient, @BowdoinCollege, and @roxburylatin alum. Politics (#mapoli, #nhpolitics, #FITN), Boston sports and Tottenham Hotspur.",258,389,,Eastern Time (US & Canada)
71,693497029020889000,"@BRed3000 I think Jeb and Cruz see Rubio as the real challenge, not Trump.",0,1,TweetCaster for Android,2016-01-30 18:12:30,17088423,thisiscjb,CJB,2008-10-31 17:18:30,Visualization research @ UC Davis,154,157,Cali Cali Cali,Central Time (US & Canada)
72,693496846434472000,RT @pbump: Labor is getting nervous about Trump's appeal to working-class whites. https://t.co/h8p9o3VAMo via @greenhousenyt,2,0,Twitter for iPhone,2016-01-30 18:11:47,65913933,llewhinkes,Llewellyn Hinkes,2009-08-15 15:06:07,Data journalist with @BloombergBNA. Previous clips at @TheAtlantic @nytimes @aljazeera @lareviewofbooks @jacobinmag Name best pronounced by mumbling,328,492,"Washington, DC",Eastern Time (US & Canada)
73,693496737542046000,RT @pbump: Cockney Trump. https://t.co/IWEpauleR9,3,0,Twitter Web Client,2016-01-30 18:11:21,3401497234,WesWolfeKFP,Wes Wolfe,2015-08-03 15:53:28,Crime and N.C. state government reporter at The Free Press. Alabama football obsessive. Goats. Est. 1982.,451,1293,"Kinston, NC",Eastern Time (US & Canada)
74,693496655144944000,@FoxNews @ericbolling @marcorubio   BOYCOTT FOX GOP E&amp;THEIR SAUDI MUSLIM BOSS. THEY HSVE BEEN ANTI TRUMP BC THE BOSS IS. FOX HATES AM PEOPLE,0,0,Twitter for Android,2016-01-30 18:11:01,2737178169,LgLgarris62,Linda g,2014-08-08 12:36:48,"christian,conservative, nurse,animal lover,pro life,walking dead fan.dislike Hollywood, msm,liberals",1490,1462,,
75,693496155657732000,"See our latest #Miami, FL #job and click to apply: Sales Administrative Assistant - https://t.co/Ig9fhDZuZL #Sales #Hiring #CareerArc",0,0,TweetMyJOBS,2016-01-30 18:09:02,22262070,tmj_mia_sales,TMJ - MIA Sales Jobs,2009-02-28 15:00:47,"Follow this account for geo-targeted Sales job tweets in Miami, FL. Need help? Tweet us at @CareerArc!",442,309,USA-FL-Miami Metro,Eastern Time (US & Canada)
76,693496123126891000,@FoxNews @ericbolling @marcorubio of course RUBIO MGR DAUGHTER OF FOX EXEC. HOW SURPRISING U ROOT 4RUBIO. OWNED BY SAUDI MUSLIM-HATE TRUMP,0,0,Twitter for Android,2016-01-30 18:08:54,2737178169,LgLgarris62,Linda g,2014-08-08 12:36:48,"christian,conservative, nurse,animal lover,pro life,walking dead fan.dislike Hollywood, msm,liberals",1490,1462,,
77,693495197129413000,Trump should shut up. If Ted Cruz is not a citizen then neither is  Barack Obama ! Both mothers born in U.S. but kids not !!,0,0,Twitter for Android,2016-01-30 18:05:14,376203685,gotothelimit,Merlin,2011-09-19 13:52:06,"Mental Terrorist !  I Would Rather Screw  With Your Head Than Eat !!  
Lead Machine Design Engineer at Savannah River Nuclear Laboratory Staunch Conservative.",2352,1926,South Carolina,Eastern Time (US & Canada)
78,693494817276297000,RT @pbump: Labor is getting nervous about Trump's appeal to working-class whites. https://t.co/h8p9o3VAMo via @greenhousenyt,2,0,Twitter for iPhone,2016-01-30 18:03:43,15908429,carolynryan,carolynryan,2008-08-19 19:36:32,"Senior Editor for Politics, NY Times. Blindly loyal to the Red Sox and the Simpsons. Lover of fiction, except in news stories.",13477,2292,"Washington, D.C.",Quito
79,693494564124905000,Labor is getting nervous about Trump's appeal to working-class whites. https://t.co/5lCYe3He8A,0,0,pbump.net,2016-01-30 18:02:43,18013192,pbumpnet,pbumpnet,2008-12-10 05:32:25,"Interesting links on science, design, tech, and media. Oh, and politics.",76,0,,Eastern Time (US & Canada)
80,693494554624832000,Labor is getting nervous about Trump's appeal to working-class whites. https://t.co/h8p9o3VAMo via @greenhousenyt,2,1,pbump.net,2016-01-30 18:02:40,950531,pbump,Philip Bump,2007-03-11 19:58:10,"Writer for The Washington Post's politics blog, The Fix. philip.bump@washpost.com",17470,561,NYC,Eastern Time (US & Canada)
81,693494311288185000,By the time you stop laughing and say ok who should really be President. Donald John Trump aka #TheDonald will already be sworn in.,0,0,Twitter for iPhone,2016-01-30 18:01:42,192302220,Madeln305,Ian,2010-09-18 19:07:24,Own my own #Business. #StarGazer #SmallBiz #Networking #SandLover #Traveler. Spreading love to every1 1 day at a time. My #SafeSpace is #SouthBeach,2754,2290,"Miami, FL",Eastern Time (US & Canada)
82,693493714040140000,"RT @vooda1: Think Cruz, Trump, Rubio. https://t.co/9nft7yaksH",3,0,Twitter for iPhone,2016-01-30 17:59:20,2513008747,Phleepz1,Phil,2014-05-21 16:15:21,"Proud Democrat, proud Veteran #boughtandpaidforPolitics",163,333,,
83,693493305162609000,"@foxnewspolitics , Establishment favor Rubio, because they r employees of ""BIG BUSINESS"", instead of Country &amp; its Citizens!  TRUMPüëçüá∫üá∏",0,0,Twitter for iPhone,2016-01-30 17:57:43,2485238625,newage88,wake up,2014-04-14 23:18:29,,4,24,,
84,693492627312767000,"Think Cruz, Trump, Rubio. https://t.co/9nft7yaksH",3,2,Twitter for iPhone,2016-01-30 17:55:01,297191567,vooda1,vooda,2011-05-12 02:57:03,"pro-choice crusader, equal rights 4 all, democrat, President Obama supporter, #Hillary2016, love 2 laugh, love my family. I have ZERO time for trolls...BLOCKED!",2472,2510,,Central Time (US & Canada)
85,693491670093058000,LOL. Of course the NYT endorses the most liberal Republican in the race (Trump doesn't count). https://t.co/0AudAX4Qio,0,0,Tweetbot for iŒüS,2016-01-30 17:51:13,35287196,Captain_Strongo,Chase D. Troutner,2009-04-25 19:21:52,"Alabama Law (#RollTide). #BYU, #Jazz, #Yankees, #RSL, #EFC. Politics. #NerdCityFC. Amateur historian. Mormon. 2x #Chappys winner. King of Dumbo hot takes.",984,549,The Speed Force,Mountain Time (US & Canada)
86,693491080621376000,@realDonaldTrump masturbates to Veggie Tales.... So offensive. #trump,0,0,Twitter for Android,2016-01-30 17:48:52,310332946,AlRothsisfat,big Al,2011-06-03 15:31:12,,120,100,"Upper West Side, Manhattan",Central Time (US & Canada)
87,693490916565209000,Trump's veterans site directs donations to Trump's personal foundation rather than going directly to veterans groups... #Trump #Smh,0,0,Twitter for iPhone,2016-01-30 17:48:13,22026385,nellyisabel,nelly,2009-02-26 16:14:54,"Trail runner, foodie, loves to travel",329,362,,
88,693489254198972000,"THE DONALD ....Not .. (TRUMP )&amp; I good afternoon family. .. @ Rowland, North Carolina https://t.co/djRlnyBKMV",0,0,Instagram,2016-01-30 17:41:37,39892971,Ronniedr,Ronell Davis-Richard,2009-05-14 01:25:07,"going to church,time with my family and going to my house in NC...Love God with all my heart...",106,454,"Ossining ,NY/ Winterville ,NC",
89,693489112872002000,#BeenMobb #Crewnecks THE MIXTAPE MOBB @dj_skimask BEEN ON THE CASE CATCH HIM TONITE IN RENO @‚Ä¶ https://t.co/0fmC2v4fJr,0,1,Instagram,2016-01-30 17:41:03,31347989,NUMP_Trump,Nump Trump 454,2009-04-15 05:19:07,MR I GOTT GRAPEZ!!!,,,,
90,693488324862943000,@DavidLimbaugh Well Trump needs to realize he will be in a very tight spot if he wins the nomination by trashing every other candidate.,0,0,Twitter for iPhone,2016-01-30 17:37:55,320967163,mikemerc57,Mike Merc,2011-06-20 20:23:11,"American, Patriot, Conservative. We live in the greatest country in the history of the world. We need to act like it.",893,1117,,
91,693486873545687000,Time for family lunch! @ Jean-Georges Terrace Trump Tower https://t.co/0Gw9N7r43r,0,0,Instagram,2016-01-30 17:32:09,34735464,saxecobourg,Fernando S.Cobourg,2009-04-23 21:27:37,"Name,Fernando Saxe Cobourg und Gotha,born in France,married,PHD,Partner at NY's brokerage company.Love,Polo,Tennis,Sail,Scubadive and travel.",1331,2120,"New York, USA",Brasilia
92,693483542827962000,Morning hike. #hiking @ Ocean Trails Trump National https://t.co/lPQNUYPpzY,0,0,Instagram,2016-01-30 17:18:55,19201352,douglasstone,Douglas Stone,2009-01-19 20:51:25,currently reinventing myself,38,272,Long Beach,Pacific Time (US & Canada)
93,693483531683652000,Lots of waves today. #hiking @ Ocean Trails Trump National https://t.co/Clpuwm9WjM,0,0,Instagram,2016-01-30 17:18:52,19201352,douglasstone,Douglas Stone,2009-01-19 20:51:25,currently reinventing myself,38,272,Long Beach,Pacific Time (US & Canada)
94,693482908548493000,A #3rdGraders fear of #Trump becoming president! üò≥üò°üò© #AnyoneButTrump üòÇ @ Trump Tower Miami https://t.co/RneQZ3HYfB,0,1,Instagram,2016-01-30 17:16:24,48220897,MistaChubbz,Mista Chubbz,2009-06-18 02:57:23,#ChubbyFlyers.com ‚Ä¢ PRINTING #DynastyClothing ‚Ä¢ CLOTHING #eBay ‚Ä¢ ChubbyFlyersSales ‚≠êÔ∏èPO BOX 5492 Clearwater FL 33758 (wear it+use it+post it!) 3x-44-Sz11-7 3/8,540,934,JFK ‚úà TPA ‚úàÔ∏è LAX,Quito
95,693482621964292000,@KySportsRadio oh no -not Pat Adams -throw in the towel and come home -can cal refuse to play -as in Trump vs Fox News,0,1,Twitter for iPhone,2016-01-30 17:15:16,461561291,lonniestewart2,Lonnie Stewart,2012-01-11 23:00:52,Christian Conservative -proud father and big daddy -a UK graduate -A fan since we watched them on the radio listening to Claude Sullivan then Cawood with Pop,1085,1917,,
96,693482190437388000,"""Evangelicals are showing themselves to be naive worldly and hypocritical."" https://t.co/JwuoM1VId1 #Trump #TrumpTrain #Trump2016 #GOP",0,0,Twitter for Android,2016-01-30 17:13:33,157474144,RdubHall,Rick.,2010-06-19 23:11:18,"Yes, I play the piano. No, I won't help you move. I love enchiladas & autobiographies. Former Navy, so I've been everywhere, man.",681,1026,"Texas, USA, Earth ",Central Time (US & Canada)
97,693480201267892000,"When you look like Donald Trump&lt;&lt;&lt;üò∑ @ Mattawan, Michigan https://t.co/BGVCP5ot7G",0,0,Instagram,2016-01-30 17:05:38,478073075,LarissaGr0ves,Larissa,2012-01-29 21:43:37,"That's my best friend, that's my best friend  @mikerichards007",258,261,"Jackson, MI",
98,693477051160928000,Trump: Because History Shows Supreme Leaders are Better With Combovers,0,0,Tweetbot for iŒüS,2016-01-30 16:53:07,14411069,kahoover,kahoover,2008-04-16 18:22:07,Five of Eight,267,442,"San Francisco, CA, USA",Pacific Time (US & Canada)
99,693475497372623000,"RT @3462727: .@ASwoyer @realDonaldTrump Cruz on Cavuto  said ""a vote 4 MarcoRubio/ DonaldTrump is a vote for Amnesty"" What? Trump? Did I mi‚Ä¶",2,0,Twitter for Android,2016-01-30 16:46:57,1723926782,Coffee_Ministry,Java,2013-09-03 00:55:54,"Spreading the best of conservative news and the gospel of beans! The Cup, the Haps, and the Scoop~ Conservative Independent! #GunOwner I Stand with Israel!",628,64,"Toccoa, GA",
100,693473682979619000,"~‚òÜTRUMP vs TRUMP‚òÜ~
https://t.co/tuCcRgokdJ #Trump #TrumpTrain #Trump2016 #GOPDebate #GOPDebates #GOP",0,0,Twitter for Android,2016-01-30 16:39:44,157474144,RdubHall,Rick.,2010-06-19 23:11:18,"Yes, I play the piano. No, I won't help you move. I love enchiladas & autobiographies. Former Navy, so I've been everywhere, man.",681,1026,"Texas, USA, Earth ",Central Time (US & Canada)
101,693472693979615000,@tmhstn @annieb0823 @FoxNews @CarlyFiorina @realDonaldTrump @TeamCavuto Very good... You sound like Trump himself! Nice honest hatred.,0,0,Twitter for iPhone,2016-01-30 16:35:49,320967163,mikemerc57,Mike Merc,2011-06-20 20:23:11,"American, Patriot, Conservative. We live in the greatest country in the history of the world. We need to act like it.",893,1117,,
102,693470890131100000,We're very fond of the staycation üí§ @ Trump International Hotel &amp; Tower Toronto https://t.co/geFHYpTbsB,0,0,Instagram,2016-01-30 16:28:38,132070079,LisbethJewelry,Lisbeth Jewelry,2010-04-12 05:46:41,Vancouver // Toronto,665,238,,Pacific Time (US & Canada)
103,693468200743391000,@MHarrisPerry of course you and your fellow Trump haters love the bimbo #kelly  #MeanGirls #ClintonGate #DeathByDemocrat #Trump2016,0,0,Twitter for iPhone,2016-01-30 16:17:57,245579327,fish2earth,John Fisher Sr,2011-02-01 00:51:42,"Thoroughly disgusted with the entire establishment, Thank God for Snowden, he's the only honest thing that has happened in 2013 and sofar 2014",22,15,In your face,
104,693465712866628000,"We're #hiring! Read about our latest #job opening here: Pool Supervisor (FT) - https://t.co/wSL5XefrMW #LasVegas, NV #Hospitality",0,0,TweetMyJOBS,2016-01-30 16:08:04,22509099,tmj_las_hrta,TMJ-LAS HRTA Jobs,2009-03-02 12:34:26,"Follow this account for geo-targeted Hospitality/Restaurant/Tourism job tweets in Las Vegas, NV. Need help? Tweet us at @CareerArc!",437,291,"Las Vegas, NV",Eastern Time (US & Canada)
105,693464512746271000,"If you're a #Labor professional in #LasVegas, NV, check out this #job: https://t.co/wc7IcXWuqw #Hiring #CareerArc",0,0,TweetMyJOBS,2016-01-30 16:03:18,22741932,tmj_las_labor,TMJ-LAS Labor Jobs,2009-03-04 06:18:58,"Follow this account for geo-targeted General Labor job tweets in Las Vegas, NV. Need help? Tweet us at @CareerArc!",296,290,"Las Vegas, NV",Eastern Time (US & Canada)
106,693463844237095000,"@NRO Trump's not politically incorrect, he's an asshole.",0,0,Twitter for Android,2016-01-30 16:00:39,2661024450,CraigSMaxwell,CraigSMaxwell,2014-07-20 00:11:37,"Maxwells House of Books. Used Books. Philosophy, History, Literature, Literary Criticism, Art, Sports and Childrens. 8285 La Mesa Blvs, La Mesa, 91942.",31,39,"La Mesa, California",
107,693460772345758000,RT @samhusseini: Slamming Sanders -- or Trump -- supporters is so pathetic.,2,0,TweetDeck,2016-01-30 15:48:26,236681060,flugennock,Mike Flugennock,2011-01-11 03:58:28,"Political cartoons, underground newsreels, spaceflight, Grateful Dead, MST3K.  If you're a REAL Leftist, the Democratic Party is NOT your friend.",839,199,trapped in America,Eastern Time (US & Canada)
108,693459419397497000,"‚Äú@Newsmax_Media: Trump on Hillary's Emails: 'A Disaster' https://t.co/aE6w8vDkVc‚Äù
Takes one to know one!",0,0,Twitter for iPad,2016-01-30 15:43:04,71369563,Mason8777,nosamnod,2009-09-03 21:52:20,Concerned political junky,546,221,"West Augusta, WV",Atlantic Time (Canada)
109,693454714067907000,"RT @3462727: .@ASwoyer @realDonaldTrump Cruz on Cavuto  said ""a vote 4 MarcoRubio/ DonaldTrump is a vote for Amnesty"" What? Trump? Did I mi‚Ä¶",2,0,Twitter for Android,2016-01-30 15:24:22,1382696899,Ron_Hutchcraft,Ron Hutchcraft‚Ñ¢,2013-04-26 19:20:44,"In Support Of Israel and the Soldiers of the #IDF.
I Tweet To Encourage You to Abandon the Stereotypes
Of the Jewish State & Trade in You're Hate for Love!",4108,498,North Georgia ,Atlantic Time (Canada)
110,693453661540860000,".@ASwoyer @realDonaldTrump Cruz on Cavuto  said ""a vote 4 MarcoRubio/ DonaldTrump is a vote for Amnesty"" What? Trump? Did I miss something ?",2,2,Twitter for iPhone,2016-01-30 15:20:11,61326807,3462727,Victoria Swoyer,2009-07-29 23:33:14,Give me liberty or give me death!,1844,2075,Texas ,
111,693452972836016000,"@BoomBriggs perhaps the single most disingenuous person in the race.  Her and Trump are equally bad news, at least Donnie is open about it.",0,0,Twitter for Android Tablets,2016-01-30 15:17:27,165067329,NYYanksBear,The Bear,2010-07-10 14:11:25,"troubadour, thespian, hates pickles....all about Yankees, Bayern Munich, Irish football, Raiders, Capitals, DFB. Father of at least 3 all named after Yankees",135,101,N3C,Eastern Time (US & Canada)
112,693448481202045000,RT @samhusseini: Slamming Sanders -- or Trump -- supporters is so pathetic.,2,0,Twitter Web Client,2016-01-30 14:59:36,100891481,DaeguDave,David Hart,2010-01-01 03:24:14,"Now living back in Daegu, South Korea, father of 3 children,Rachel, Glen and Renee, and 18 grandchildren. Fan of all Seattle sports teams.",205,1265,"Daegu, South Korea",Central Time (US & Canada)
113,693447375965139000,"How about a ""Tump Stamp?!"" Say it out loud but slowly! Ha! A New Hampshire tattoo artist is showing support by doing free tats! #gdu #trump",0,2,Twitter for iPhone,2016-01-30 14:55:12,255667161,DanicaTVNews,Danica Lawrence,2011-02-21 20:40:40,"Fox13 Good Day Utah TV news anchor/reporter, passionate visual storyteller, writer, grammar expert, ADA volunteer, a romantic, beach/mountain lover",5368,4269,"Salt Lake City, Utah",Central Time (US & Canada)
114,693446896971571000,Slamming Sanders -- or Trump -- supporters is so pathetic.,2,2,Twitter for iPhone,2016-01-30 14:53:18,20731951,samhusseini,Sam Husseini,2009-02-12 23:36:15,"Do @accuracy (news releases), @dcstakeout (questioning politicos), @votepact (left & right pairing up) and @xposefacts (whistleblowers). Also, artsy.",4150,3723,Anti-DC,Central Time (US & Canada)
115,693446236825915000,@RogerJStoneJr @realDonaldTrump You'll win the nomination but Valerie Jarrett will crush Trump &amp;Elizabeth Warren will be President. Congrats,0,0,Twitter for iPhone,2016-01-30 14:50:41,320967163,mikemerc57,Mike Merc,2011-06-20 20:23:11,"American, Patriot, Conservative. We live in the greatest country in the history of the world. We need to act like it.",893,1117,,
116,693445353606136000,"I'm at Trump Plaza in West Palm Beach, FL https://t.co/b5gin7N1v2",0,1,Foursquare,2016-01-30 14:47:10,28753805,itsMe_Raquel_,Raquel,2009-04-04 06:30:12,"#BCUMOM Don‚Äôt worry about anything; instead, pray about everything. Tell God what you need, and thank him for all he has done. SC: justme_Raquel",391,148,Atlanta/Palm Beach,Eastern Time (US & Canada)
117,693442817927025000,.@megynkelly can't intellectually beat @realDonaldTrump its why he is a billionaire &amp; she is just hot.12 million viewers..Trump-1 @FoxNews-0,0,0,Twitter for Android,2016-01-30 14:37:05,445575047,angel_cortez78,AmericaNeedsAnAngel,2011-12-24 15:37:29,Serial entrepreneur,125,334,North Carolina,Eastern Time (US & Canada)
118,693442779452707000,"Love Her! #trump #vote #trump2016 #thinkoutsidethebox @ Miami Beach, Florida https://t.co/vavnmXlB2A",0,0,Instagram,2016-01-30 14:36:56,250287338,YosephWest,Joseph West,2011-02-10 20:04:29,A life coach with an insatioble desire for the unknown. always outside the box and the goal is to do a little better today than yesteray .,509,954,Miami Fl.,Pacific Time (US & Canada)
119,693442224831480000,"@smerconish  Can Donald Trump survive the obvious Fox News freeze out? How much will it effect the caucus outcome?
How will it effect Fox?",0,0,Twitter for Android,2016-01-30 14:34:44,2889226698,pengd2014,pengd,2014-11-04 02:36:55,,8,25,,
120,693438087825764000,Cuz who looks directly at the camera anymore @ Trump International‚Ä¶ https://t.co/15ZCtGu38k,0,0,Instagram,2016-01-30 14:18:18,170574407,AbdullaMalik,Deadpool,2010-07-25 05:37:12,#tupac #teamtakenbythemostbeautifulgorgeousamazinggirlintheworld #mac,429,451,#westside #thuglife ,Eastern Time (US & Canada)
121,693437681750114000,"RT @libovness: In eschewing the debate on Fox, Trump is now not only undermining the GOP establishment, but also its network",1,0,HexaStan Test,2016-01-30 14:16:41,3434543045,hexastan,hexastan,2015-08-21 18:56:26,Life one step at a time,345,4672,,
122,693437257655554000,"RT @3dogmary: ""@JLovesTrump: @3dogmary #BLOCKED""  don't disagree with @realDonaldTrump supporters. Dear Leader Trump has taught them well. ‚Ä¶",1,0,Twitter for iPhone,2016-01-30 14:15:00,763683606,bigwheelsusa,KG,2012-08-17 13:09:43,"Christian, Constitutional Conservative! I Despise Evil, America Hating, Liberal Trash...",1315,1635,,
123,693436951123333000,@RogerJStoneJr @realDonaldTrump I'll remember that after Trump wins the nomination and you need other Repub voters to win the election.,0,0,Twitter for iPhone,2016-01-30 14:13:47,320967163,mikemerc57,Mike Merc,2011-06-20 20:23:11,"American, Patriot, Conservative. We live in the greatest country in the history of the world. We need to act like it.",893,1117,,
124,693436181439185000,@perfectsliders Rubio supporters will defect to Cruz to stop Trump,0,0,Twitter for Windows Phone,2016-01-30 14:10:43,154977758,HorseJeff,Jeff Culler,2010-06-12 19:24:21,"Horseman, Democrat, @UofAlabama alum, Francophile, poker player, runner, @hillaryclinton '16 all the way!",134,86,"Washington, DC",Eastern Time (US & Canada)
125,693435963406615000,"""@JLovesTrump: @3dogmary #BLOCKED""  don't disagree with @realDonaldTrump supporters. Dear Leader Trump has taught them well. #ThinSkinned",1,0,Twitter for Android Tablets,2016-01-30 14:09:51,19948559,3dogmary,Mary Ann K.,2009-02-03 02:16:37,"Conservative,soon to be Empty Nester. Charlie's mom. Love whiskey, dogs, USA and the Constitution. Followed by @SenTedCruz #SwedesSoccer  #Boston #Patriots",4648,4670,"Little Elm, TX",America/Chicago
126,693433632233517000,"RT @samhusseini: Secondly, it's apparently a ""wash"" on Iraq war btw Sanders and Trump, but what about Clinton? @mehdirhasan @michaeltomasky",1,0,TweetDeck,2016-01-30 14:00:35,236681060,flugennock,Mike Flugennock,2011-01-11 03:58:28,"Political cartoons, underground newsreels, spaceflight, Grateful Dead, MST3K.  If you're a REAL Leftist, the Democratic Party is NOT your friend.",839,199,trapped in America,Eastern Time (US & Canada)
127,693433582128386000,RT @samhusseini: Why isn't it a formidable argument that she fails big in general bc Trump was nominally opposed to war? @mehdirhasan @mich‚Ä¶,1,0,TweetDeck,2016-01-30 14:00:24,236681060,flugennock,Mike Flugennock,2011-01-11 03:58:28,"Political cartoons, underground newsreels, spaceflight, Grateful Dead, MST3K.  If you're a REAL Leftist, the Democratic Party is NOT your friend.",839,199,trapped in America,Eastern Time (US & Canada)
128,693426926963311000,@DandC @PatrickCBurke Anything involving Trump-endorsing Carl Icahn never ends well for workers. #ROC,1,0,Tweetbot for iŒüS,2016-01-30 13:33:57,8145972,LarryWirth,LarryWirth,2007-08-12 21:03:54,Science Teacher. Liberal. Union Thug.,556,1714,"Fairport, NY",Eastern Time (US & Canada)
129,693423920901390000,RT @SunjeeLou: Trump is white people's revenge for Obama.,1,0,Twitter for iPhone,2016-01-30 13:22:00,3291792005,fearlesskanye,black jesus,2015-05-20 19:20:50,you let a stripper trap you.,7572,248,#Blacklivesmatter ,Pacific Time (US & Canada)
130,693423431560213000,Trump is a 'serial liar' and 'racist' says one huge publication in every single article about him https://t.co/kS8e0eqX6L,0,0,MI360,2016-01-30 13:20:03,174303316,ClickWhisperer,Click Whisperer,2010-08-03 16:16:06,"Shamelessly sharing what's working #online.
Moving beyond #analytics to usable #conclusions.
Care for some #science with your #marketing? #TEAMFOLLOWBACK",17625,17570,"Boca Raton, FLORIDA",Eastern Time (US & Canada)
131,693423394017120000,Trump is white people's revenge for Obama.,1,0,Twitter for Android,2016-01-30 13:19:54,2739302789,SunjeeLou,Sunjee Loussaint,2014-08-10 19:55:31,‚ôãDeath only sucks for the living. Love is what makes life worth living. I'm a hug whore.I am predictably unpredictable ‚ôã,45,66,"Greenacres, Florida ",
132,693423123090281000,"That's what he said , yes really #republican #trump2016 #trump #vote #thisshitisreal @ Miami‚Ä¶ https://t.co/GZPksti1kN",0,2,Instagram,2016-01-30 13:18:50,250287338,YosephWest,Joseph West,2011-02-10 20:04:29,A life coach with an insatioble desire for the unknown. always outside the box and the goal is to do a little better today than yesteray .,509,954,Miami Fl.,Pacific Time (US & Canada)
133,693417074039878000,"RT @jsipe2005: @ChuckNellis Keep Cruzin all the way to the WH!!! Keep the momentum going, Trump the Liberal is cracking! https://t.co/z7ngx‚Ä¶",65,0,Twitter for Android,2016-01-30 12:54:48,1655470728,JamieW1776,Jamie,2013-08-08 14:28:54,"I stand with Israel! If you are easily offended, don't follow me ;) If you support Trump, don't follow me. ~#tcot #DumpTrump",3962,3084,Nunyabizness ,Central Time (US & Canada)
134,693413053270983000,"@Salon , go trump  go , Obama's  a Muslim, a disgrace to humans, mosques are jihad headquarters",0,0,Twitter for Windows Phone,2016-01-30 12:38:49,357941827,doctorshok57,john,2011-08-19 03:55:54,,21,12,,
135,693410192722043000,@ccastleylowe. News; i think our next pres.is going to b a billionare. Donald Trump,0,0,Twitter for Android,2016-01-30 12:27:27,122486457,oldsmobileal,al fogelberg,2010-03-12 21:58:22,"love cats,mountain lion activist. look for gems gold and big foot.Gamble in Deadwood.have a Puma guiding spirit named Willow.",1801,2207,sturgis sd,
136,693408111940383000,Cockney Trump. https://t.co/akfpQuVTXo,0,0,pbump.net,2016-01-30 12:19:11,18013192,pbumpnet,pbumpnet,2008-12-10 05:32:25,"Interesting links on science, design, tech, and media. Oh, and politics.",76,0,,Eastern Time (US & Canada)
137,693408102394122000,Cockney Trump. https://t.co/IWEpauleR9,3,4,pbump.net,2016-01-30 12:19:09,950531,pbump,Philip Bump,2007-03-11 19:58:10,"Writer for The Washington Post's politics blog, The Fix. philip.bump@washpost.com",17470,561,NYC,Eastern Time (US & Canada)
138,693362617474220000,Why isn't it a formidable argument that she fails big in general bc Trump was nominally opposed to war? @mehdirhasan @michaeltomasky,1,0,Twitter for iPhone,2016-01-30 09:18:24,20731951,samhusseini,Sam Husseini,2009-02-12 23:36:15,"Do @accuracy (news releases), @dcstakeout (questioning politicos), @votepact (left & right pairing up) and @xposefacts (whistleblowers). Also, artsy.",4150,3723,Anti-DC,Central Time (US & Canada)
139,693361674636677000,"Secondly, it's apparently a ""wash"" on Iraq war btw Sanders and Trump, but what about Clinton? @mehdirhasan @michaeltomasky",1,0,Twitter for iPhone,2016-01-30 09:14:39,20731951,samhusseini,Sam Husseini,2009-02-12 23:36:15,"Do @accuracy (news releases), @dcstakeout (questioning politicos), @votepact (left & right pairing up) and @xposefacts (whistleblowers). Also, artsy.",4150,3723,Anti-DC,Central Time (US & Canada)
140,693354790919737000,@TheYoungTurks Trump is dangerous because he will take all remaining Constitution,0,0,Twitter for Android,2016-01-30 08:47:18,3156242592,Legend_Russell,Jacob D L Russell,2015-04-14 13:55:26,"Russell is Legendary! I make YouTube videos, and I Periscope for your entertainment.",44,156,"Norfolk County, Ontario",
141,693350334786249000,The Huffington Post Is Now Trolling Donald Trump In Every Article About Him With This https://t.co/ZND1pngw8X,0,0,Twitter for Android Tablets,2016-01-30 08:29:36,22671881,twinite,SaS,2009-03-03 20:18:16,"I‚Äôm an adventurous, positive and friendly , tree hugging, out spoken, blues lover. You never have to wonder where I'm coming from, I'll happily tell you.",1444,2009,Oregon USA,Pacific Time (US & Canada)
142,693336887650443000,#Trump #nightofthelongknives #luxury #classyasfuck @ Messiah Complex https://t.co/9AlQP0ItM0,0,0,Instagram,2016-01-30 07:36:10,6153202,messiahcomplex,Rt.Rev.‚ûñRyanRichards,2007-05-19 03:59:52,"Right Reverend [REDACTED] Ryan Richards, Writer of R.A.Wilson ForBeginners‚≠êÔ∏èInventor‚ô£Ô∏èPsychonaut‚ö†Ô∏èSavior‚ûïOrgone Donor?ShudderBooks‚ö°Ô∏èhttp://t.co/gC1sJ71k5g A‚à¥A‚à¥",1448,1212,Minneapolis Guthrie Theater,Central Time (US & Canada)
143,693335611021902000,READY SET Güö¶ @ The Boardwalk https://t.co/k56TnhxXK4,0,0,Instagram,2016-01-30 07:31:05,31347989,NUMP_Trump,Nump Trump 454,2009-04-15 05:19:07,MR I GOTT GRAPEZ!!!,,,,
144,693334475137118000,"@Andy Rubio?  Really, Andy?? He has ZERO % chance of being the Republican nominee.  Pick one of the 2 frontrunners, Trump or Cruz.  Man-up.",0,0,Twitter for Android,2016-01-30 07:26:35,3070425613,anitampantoja,anitampantoja ,2015-03-09 23:57:04,,3,25,,
145,693333575777686000,"#greta OTR fox news No, the debate did not change my mind. I still support Trump. #greta .",0,0,Twitter for Android Tablets,2016-01-30 07:23:00,4297453874,saymorejane,Janie Phipps,2015-11-20 05:07:10,,0,10,,
146,693333394038616000,WE LEAKED THE NEW SINGLE #WeSmokeBetterThanYou #WSBTY TONITE IN SAC OOOHHH!!!!!! #koneeCHEEwa‚Ä¶ https://t.co/H4tAZPovjC,0,0,Instagram,2016-01-30 07:22:17,31347989,NUMP_Trump,Nump Trump 454,2009-04-15 05:19:07,MR I GOTT GRAPEZ!!!,,,,
147,693332170606182000,"Well, well, well... What have we here?
https://t.co/wmdTEq7pnZ #Trump #TrumpTrain #Trump2016  #GOPDebate #GOPDebates",0,0,Twitter for Android,2016-01-30 07:17:25,157474144,RdubHall,Rick.,2010-06-19 23:11:18,"Yes, I play the piano. No, I won't help you move. I love enchiladas & autobiographies. Former Navy, so I've been everywhere, man.",681,1026,"Texas, USA, Earth ",Central Time (US & Canada)
148,693328837472575000,RT @thepeoplesview: The third-party candidacy of Donald Trump  https://t.co/InGOlkpbep,6,0,Twitter Web Client,2016-01-30 07:04:10,27549495,Stillwaters007,Stillwaters007,2009-03-30 01:09:06,Progressive and civic minded; TODville; a RT means whatever you want it to mean,1024,2004,,Eastern Time (US & Canada)
149,693318766206292000,RT @JeanneFischer33: @TheFix What policy proposals? All Trump offers is bellicose generalities.  The Republicans have created monsters.,8,0,My test acc,2016-01-30 06:24:09,4724487677,JillPeyton3,Jill Peyton,2016-01-06 12:13:47,,13,12,,
150,693317922123416000,"RT @jesserumpca: Political fears, ranked: 
1. Donald trump winning
2. Bernie Sanders dying 6 months into term",1,0,Twitter for Android,2016-01-30 06:20:48,1410904273,Duckquackis,Gibberish,2013-05-07 18:19:34,You should have bought a squirrel.,149,169,"Grand Rapids, MI",Atlantic Time (Canada)
151,693315982090199000,"""@ConanOBrien: Just told my barber I want my hair to be ‚ÄúMegyn Kelly in the front, Donald Trump in the back.‚Äù"" Good look",0,0,Twitter for Android,2016-01-30 06:13:05,2768566510,hoosierkos,Robert Kos,2014-09-13 03:42:43,Freelance writer ... I lean right politically ... love the Beatles and NFL.,406,667,"Crown Point, IN",
152,693312757710615000,RT @DonPastor1: Trump is overly obsessed with himself. Not a good quality in a president. Cruz is humble.,1,0,Twitter for Android,2016-01-30 06:00:17,3079258609,fearthegoat19,Logan Malone,2015-03-14 03:52:50,God's got me. |Romans 8:37-39| John 15:13 | #NoExcuses | On the Grind til the day the Lord takes me home | Saved w/ @gfitz22 on 6/29/15 | #Cruz2016,231,880,"Sweet Home Louisiana, Merica",
153,693310209494614000,RT @Kristy_Mickle88: Obstreperous - the new word I just found that describes Trump but not in a good way! #ImWithHuck Humble but tenacious!‚Ä¶,2,0,Twitter for iPhone,2016-01-30 05:50:09,262048371,laura4fairtax,Laura Northcutt,2011-03-07 07:02:06,#ImwithHuck @GovMikeHuckabee https://t.co/9LOB91qt4K,558,1111,California,
154,693309280569598000,Very true! This man is dangerous and divisive! #justsayno #trump #donaldtrump #usa‚Ä¶ https://t.co/Q1RQOtS3gm,0,0,Instagram,2016-01-30 05:46:28,14653661,MarkESackett,Mark E. Sackett,2008-05-05 00:39:58,"Entrepreneur, Speaker, Designer, Producer, Director! https://t.co/PTVKXMgwLf Follow: @ActiveNetworkin @My_Give4 @Give4_Life @TheBoxSF @BrainfoodUSA @Reflectur",3616,3031,"New York, San Francisco + LA!",Eastern Time (US & Canada)
155,693309070887899000,"RT @DonPastor1: Rubio people don't bother me. Neither do Santorum people. But, those Trumpettes actually worship Trump.",2,0,Twitter for Android,2016-01-30 05:45:38,2904043490,wllbn2_bonnie,Bonnie Williams,2014-11-19 01:57:45,"Conservative, conservative and then conervative again. Christian. Love the Dallas Cowboys. #PatriotBrigade",1054,1122,"Texas, USA",
156,693307487978586000,"RT @DonPastor1: Rubio people don't bother me. Neither do Santorum people. But, those Trumpettes actually worship Trump.",2,0,Twitter Web Client,2016-01-30 05:39:20,1964112182,aubrynathome,Aubryn #IAmChristian,2013-10-16 06:05:53,"Is 59:19 Standardbearer #ccot #tcot #PJNET #Israel #2A #1A #patriot #LEO #climatechangedenier #StandWithNRO
Trumpsters Who Insult Are Blocked 
  Just Sick Of It",6620,6442,Where the Forest Meets the Sea,Pacific Time (US & Canada)
157,693306905263870000,"Rubio people don't bother me. Neither do Santorum people. But, those Trumpettes actually worship Trump.",2,3,TweetCaster for iOS,2016-01-30 05:37:01,394496693,DonPastor1,Don  Howard,2011-10-20 05:04:13,"Son of man, I have made thee a watchman unto the house of Israel: therefore hear the word at my mouth, and give them warning from me.
Ezekiel 3:17",487,473,"Bay,Arkansas ",Central Time (US & Canada)
158,693306465939882000,RT @prestonyancey: Apparently I haven't been clear enough: voting for Donald Trump is voting against the Gospel of Jesus Christ.,17,0,Twitter for iPad,2016-01-30 05:35:17,24309843,klworth,Kevin Worthley,2009-03-14 02:20:38,,144,1623,,
159,693304780207297000,Trump is overly obsessed with himself. Not a good quality in a president. Cruz is humble.,1,0,TweetCaster for iOS,2016-01-30 05:28:35,394496693,DonPastor1,Don  Howard,2011-10-20 05:04:13,"Son of man, I have made thee a watchman unto the house of Israel: therefore hear the word at my mouth, and give them warning from me.
Ezekiel 3:17",487,473,"Bay,Arkansas ",Central Time (US & Canada)
160,693304692219200000,@7im trump and Ben kingsly?,0,0,Twitter for Android,2016-01-30 05:28:14,137728729,JustaSlob,Ham Rove,2010-04-27 15:37:01,Momma fed me with a slingshot,1347,1064,ChiTown,
161,693302720887796000,@SMolloyDVM Trump has all that money and no class.,0,0,TweetCaster for iOS,2016-01-30 05:20:24,394496693,DonPastor1,Don  Howard,2011-10-20 05:04:13,"Son of man, I have made thee a watchman unto the house of Israel: therefore hear the word at my mouth, and give them warning from me.
Ezekiel 3:17",487,473,"Bay,Arkansas ",Central Time (US & Canada)
162,693302456168481000,Fleming's Top TEN list of qualities #Trump will never have. (Tweet not endorsed by #Simple_Reminders.) https://t.co/H0Qx04Okze,0,1,Twitter for Windows Phone,2016-01-30 05:19:21,86444592,tanyawastaken,tanyawastaken,2009-10-31 02:17:36,Urban Skeleton Photographer. SciFi Nerd. Bookworm. Knitter. Funniest undiscovered comedic actor. Part time responsible person. Full time daydreamer.,459,575,Wonderland via The Tardis,Mountain Time (US & Canada)
163,693300688030269000,"Mrs. Clinton flips you off, America! Or was she reading about Trump's poll numbers? @ Oceanside,‚Ä¶ https://t.co/Av0OXOnT61",0,0,Instagram,2016-01-30 05:12:19,122115198,SpookDroid,Spook,2010-03-11 16:55:00,,94,40,,Monterrey
164,693297923501728000,"RT @jsipe2005: @ChuckNellis Keep Cruzin all the way to the WH!!! Keep the momentum going, Trump the Liberal is cracking! https://t.co/z7ngx‚Ä¶",65,0,Twitter for Android,2016-01-30 05:01:20,2850058900,DeRosaA1,AAD,2014-10-29 16:26:02,,111,151,,
165,693291146533954000,"RT @jsipe2005: @ChuckNellis Keep Cruzin all the way to the WH!!! Keep the momentum going, Trump the Liberal is cracking! https://t.co/z7ngx‚Ä¶",65,0,Twitter for Android,2016-01-30 04:34:24,1415594922,1_Hoof_Hearted,obama's playing golf,2013-05-09 14:00:49,¬Ø\_(„ÉÑ)_/¬Ø    today is only yesterday's tomorrow ~Uriah Heep - #TeaParty #Patriot #Cruz2016 - #NOAmnesty,18369,19270,NOT San FranPsycho,
166,693291033115775000,"RT @jsipe2005: @ChuckNellis Keep Cruzin all the way to the WH!!! Keep the momentum going, Trump the Liberal is cracking! https://t.co/z7ngx‚Ä¶",65,0,Twitter for Android,2016-01-30 04:33:57,1219144500,Merry__Can,‚òú ‚òÜ‚òÜ Patriot ‚òÜ‚òÜ,2013-02-25 16:01:33,#Conservative #TeaParty #Patriot #Cruz2016 #Benghazi #fastANDfurious #NOamnesty There would not be a #1stAmendment without the #2ndAmendment ~ ŒºŒøŒª·ΩºŒΩ ŒªŒ±Œ≤Œ≠,25064,25090,,
167,693290894028579000,"RT @jsipe2005: @ChuckNellis Keep Cruzin all the way to the WH!!! Keep the momentum going, Trump the Liberal is cracking! https://t.co/z7ngx‚Ä¶",65,0,Twitter Web Client,2016-01-30 04:33:24,932662676,LUVofCountry,Concerned American,2012-11-07 18:32:08,"God, Family & Love of Country, Proud dad to 4 children #TedCruz #NeverAgainIsNow #RestoringUnity #MakeDCListen #PJNet #WAAR #DontTreadOnMe",3833,4034,Florida's Tranquil West Coast,Eastern Time (US & Canada)
168,693290862218859000,"RT @jsipe2005: @ChuckNellis Keep Cruzin all the way to the WH!!! Keep the momentum going, Trump the Liberal is cracking! https://t.co/z7ngx‚Ä¶",65,0,Twitter Web Client,2016-01-30 04:33:16,17909913,retiredfirecapt,Scott,2008-12-05 22:26:40,"Crusty old Fire Capt, Reagan Conservative, Global Warming skeptic ,R.Petty #43 fan,  fisherman, Lover of LIBERTY!  Proud Grampa, #VFW",7584,6391,Late-Great state of California,Pacific Time (US & Canada)
169,693290791603565000,"RT @jsipe2005: @ChuckNellis Keep Cruzin all the way to the WH!!! Keep the momentum going, Trump the Liberal is cracking! https://t.co/z7ngx‚Ä¶",65,0,Twitter for Android,2016-01-30 04:33:00,1216651544,Patriot_MM,‚òÜ ‚óè Minuteman ‚óè ‚òÜ,2013-02-24 21:53:55,"#Patriot #American #TeaParty #Cruz2016 
#1stAmendment #2ndAmendment
~ ŒúŒüŒõŒ©Œù ŒõŒëŒíŒï ~ #NOamnesty ~
¬°Somos una Naci√≥n CON fronteras! #deport #ILLEGALaliens",25163,25140,,
170,693290628910698000,https://t.co/RFK0UgKYHL How can anyone support him. He's a liar. His supporters believe he is honest but they are wrong,0,0,Twitter for iPhone,2016-01-30 04:32:21,556316523,AdrianStanley2,Minty Fre$h Dough,2012-04-17 19:52:59,Dena Fo Life,54,202,Straight outa Dena,
171,693286755303322000,"RT @jsipe2005: @ChuckNellis Keep Cruzin all the way to the WH!!! Keep the momentum going, Trump the Liberal is cracking! https://t.co/z7ngx‚Ä¶",65,0,Twitter Web Client,2016-01-30 04:16:57,319337461,Angela2132,Angela Romo,2011-06-17 23:25:41,"A conservative. Love Politics, Trial watching and Volleyball : ). Huge fan of Rush, Hannity and Mark. Victory is ours in 2016 God Bless America #BlueLivesMatter",1047,928,united states,Eastern Time (US & Canada)
172,693286486825808000,@seanhannity my vote is for #Trump,0,0,Twitter for Android,2016-01-30 04:15:53,199368416,Elvisfan1976,Melanie Deal,2010-10-06 17:54:32,A Trump Supporter + A member of the Choctaw Nation of Oklahoma and I love Neal McCoy and Elvis Presley!,1313,2893,"McAlester, OK",
173,693286394697921000,"RT @jsipe2005: @ChuckNellis Keep Cruzin all the way to the WH!!! Keep the momentum going, Trump the Liberal is cracking! https://t.co/z7ngx‚Ä¶",65,0,Twitter for Android,2016-01-30 04:15:31,526700334,momike1,Popeye the Sailor,2012-03-16 19:08:01,"Pragmatic, Cynical, Sarcastic, Perfectionist, Tea right problem analyst, Disabled Navy Nam Vet. Incompetence pulse taker. Bible, Country, Family, let's roll.",1609,2262,fly over country,Central Time (US & Canada)
174,693285416753979000,"RT @jsipe2005: @ChuckNellis Keep Cruzin all the way to the WH!!! Keep the momentum going, Trump the Liberal is cracking! https://t.co/z7ngx‚Ä¶",65,0,Twitter for iPhone,2016-01-30 04:11:38,31221839,Momservative,Martte,2009-04-14 20:48:45,"Mom, Christian & Tea Party Conservative.
Oh, and love our Anaheim Ducks!!!",1334,1310,"Orange County, CA",Pacific Time (US & Canada)
175,693284801684640000,RT @thePatriciaRae: #Trump is canvassing in my hood. He left his hood rat. https://t.co/KWG8jOIErV,1,0,Twitter for iPhone,2016-01-30 04:09:11,2887405971,mullenp72,Philip Mullen,2014-11-21 22:36:45,Things don't have to be perfect to be really good. Live and let live.,226,261,,
176,693284600852804000,"RT @jsipe2005: @ChuckNellis Keep Cruzin all the way to the WH!!! Keep the momentum going, Trump the Liberal is cracking! https://t.co/z7ngx‚Ä¶",65,0,Twitter for Android,2016-01-30 04:08:24,196871565,mmmoonie,~~~m√∞√∞nie,2010-09-30 02:53:36,semper vigilans - #TeaParty #Conservative #Patriot #Cruz2016 - SOCIALISM SUCKS!!! Liberalism is a no-brainer #SECUREborder(s) #NOamnesty ~ ŒºŒøŒª·ΩºŒΩ ŒªŒ±Œ≤Œ≠,27454,27745,,
177,693283759932584000,#BirdbrainedPolitics Parrot Trump,0,4,Twitter for iPhone,2016-01-30 04:05:03,23209365,thePatriciaRae,Patricia LoL,2009-03-07 16:46:05,"Colombian/American. actor/producer/illustrator/humorist-- Maria full of Grace, The Big Wedding https://t.co/zs9sxo9YNk https://t.co/quVNIFDvL7",2304,1927,los angeles/nyc bred,Pacific Time (US & Canada)
178,693281219048559000,"@NRO Excellent article. Nails it. Trump is still a long shot, thankfully. I'll vote Paul or Johnson or NOTA.",0,0,Twitter for iPad,2016-01-30 03:54:57,123599615,hal_dunn,Hal Dunn,2010-03-16 16:15:24,"Internet Professional / Web Designer / Graphic Designer. Personal interests: technology, politics, music.",279,501,,Eastern Time (US & Canada)
179,693278876122943000,"RT @DonPastor1: Trump is a free spender. Government healthcare, bigger  government. Basically, he's saying the same thing progressives have‚Ä¶",1,0,Twitter for iPhone,2016-01-30 03:45:39,559813648,RobynSChilson,Robyn Smith Chilson,2012-04-21 19:22:37,"Just a married gal, mom, who owns and operates an award-winning campground & RV Park with her husband in NW PA.",676,708,Pennsylvania,Atlantic Time (Canada)
180,693277957704405000,"Trump is a free spender. Government healthcare, bigger  government. Basically, he's saying the same thing progressives have been saying.",1,1,TweetCaster for iOS,2016-01-30 03:42:00,394496693,DonPastor1,Don  Howard,2011-10-20 05:04:13,"Son of man, I have made thee a watchman unto the house of Israel: therefore hear the word at my mouth, and give them warning from me.
Ezekiel 3:17",487,473,"Bay,Arkansas ",Central Time (US & Canada)
181,693277685695566000,"@NRO What if shit rains from the skies? Hillary, Sanders, Trump ... poop, crap, or dung. Go home America, you're drunk.",0,0,Twitter for iPad,2016-01-30 03:40:55,123599615,hal_dunn,Hal Dunn,2010-03-16 16:15:24,"Internet Professional / Web Designer / Graphic Designer. Personal interests: technology, politics, music.",279,501,,Eastern Time (US & Canada)
182,693277168609026000,"If the best argument for Trump is that he's a citizen, you have a weak argument. Cruz is also a citizen. And much more conservative.",0,0,TweetCaster for iOS,2016-01-30 03:38:52,394496693,DonPastor1,Don  Howard,2011-10-20 05:04:13,"Son of man, I have made thee a watchman unto the house of Israel: therefore hear the word at my mouth, and give them warning from me.
Ezekiel 3:17",487,473,"Bay,Arkansas ",Central Time (US & Canada)
183,693275953791775000,RT @thepeoplesview: The third-party candidacy of Donald Trump  https://t.co/InGOlkpbep,6,0,Mobile Web,2016-01-30 03:34:02,239025975,MTmarilyn2,Marilyn Oliver,2011-01-16 16:41:24,"Retired small business owner, proud Obama supporter, a TODbot, OFA,  and supports Democratic values!",4232,4495,Montana,Central Time (US & Canada)
184,693275943331197000,"@realDonaldTrump Now You Know I'm Alive! in East L.A Mr Trump""  This City Of Davids Reigneth ThroneI font Need  peoples Vote IAM Creator Who",0,0,Twitter for Android,2016-01-30 03:33:59,3163001474,JezsusJ,ABBAJezsusJackson777,2015-04-18 21:18:06,,766,2493,Califas ,
185,693274770641699000,"@JohnStossel ""Did you see my tweet? Yeah, I hate Trump too! How's my hair?""",0,0,Twitter for iPad,2016-01-30 03:29:20,123599615,hal_dunn,Hal Dunn,2010-03-16 16:15:24,"Internet Professional / Web Designer / Graphic Designer. Personal interests: technology, politics, music.",279,501,,Eastern Time (US & Canada)
186,693271751556334000,"For some reason, I think Trump's numbers are trumped up.",0,1,TweetCaster for iOS,2016-01-30 03:17:20,394496693,DonPastor1,Don  Howard,2011-10-20 05:04:13,"Son of man, I have made thee a watchman unto the house of Israel: therefore hear the word at my mouth, and give them warning from me.
Ezekiel 3:17",487,473,"Bay,Arkansas ",Central Time (US & Canada)
187,693269660368835000,Trump says sis whos4partial birth abort would make gr8 Supreme Court justice&amp;prochoice senator a great VP. #ImWithHuck He always fights4LIFE,0,1,Twitter for iPhone,2016-01-30 03:09:02,2488670390,Kristy_Mickle88,Kristy Mickle,2014-05-10 19:38:28,"AL District 4 Chair @GovMikeHuckabee Presidential Campaign. #GOP #ImWithHuck and proud of it!A good, strong leader that leads following Christ.The right leader!",95,59,,
188,693269533184758000,@southernpearle @Stordoor @plantsmile @realDonaldTrump @gigglemitz Absolutely PresCruz shld give a no-bid contract to Mr. Trump to build it.,1,2,Twitter for Android Tablets,2016-01-30 03:08:31,54251487,1AmericanWoman,1AmericanWoman,2009-07-06 16:21:16,"Conservative, Christian, Pro-Life, Children's book author, singer/songwriter, Tea Party, #tcot, #tgdn. Love Reagan, but  what we need now is a Calvin Coolidge.",1891,1892,,Mountain Time (US & Canada)
189,693269239973745000,"@realDonaldTrump  The weight of our great nation rests squarely on shoulders of the good people of Iowa-NO PRESSURE! VOTE TRUMP! TY, the USA",0,1,Twitter for iPhone,2016-01-30 03:07:21,2405211005,lisalisa365,lisa tucker,2014-03-12 16:24:06,,55,126,,
190,693268622408454000,"@realDonaldTrump I never did  Mr Trump "" You Maycall Me Llord ABBA Selah"" Reason Behind the Robbery Malachi 3:9 I was  Up Coming King David/",0,0,Twitter for Android,2016-01-30 03:04:54,3163001474,JezsusJ,ABBAJezsusJackson777,2015-04-18 21:18:06,,766,2493,Califas ,
191,693268542783889000,"CAN YOU BELIEVE THE TURNOUT?!! NOT EVEN DONALD TRUMP CAN DRAW THESE CROWDS! @ Minneapolis,‚Ä¶ https://t.co/3vyOBb0Lr1",1,0,Instagram,2016-01-30 03:04:35,19822096,WhiteRabbitCult,White Rabbit Cult,2009-01-31 17:05:34,Political Sabotaur and Instigator... Leader Of The White Rabbit Cult,885,893,Way Down The Bunny Hole!,Eastern Time (US & Canada)
192,693267281577710000,Trump says he's nevr askd forgiveness&amp;God's nt2b involved n all= Dangerous. Huckabee says we can't do it w/out God=Smart #ImWithHuck any day,0,0,Twitter for iPhone,2016-01-30 02:59:34,2488670390,Kristy_Mickle88,Kristy Mickle,2014-05-10 19:38:28,"AL District 4 Chair @GovMikeHuckabee Presidential Campaign. #GOP #ImWithHuck and proud of it!A good, strong leader that leads following Christ.The right leader!",95,59,,
193,693266227947397000,"@realDonaldTrump Hello .Mr Trump IJust Stop By let You knowThat's The Candicy Is a ,waste time &amp; money I Know you Want It so Bad/ Hidden",0,0,Twitter for Android,2016-01-30 02:55:23,3163001474,JezsusJ,ABBAJezsusJackson777,2015-04-18 21:18:06,,766,2493,Califas ,
194,693265822404448000,RT @thgchoir: Maybe my Donald trump mask came in the mail today. Now I'm ready to get into trouble! #upthepunx‚Ä¶ https://t.co/YEAlxy9TOs,5,0,Twitter for iPhone,2016-01-30 02:53:46,755237298,pax_am,cry-lo ren,2012-08-13 14:24:43,Zero // moon boy // xvx (he/him),145,178,Dysphoria Central,Eastern Time (US & Canada)
195,693265814519067000,@seanhannity @realDonaldTrump @SenTedCruz Trump Will Win #Trump2016,0,4,Twitter for Android,2016-01-30 02:53:45,199368416,Elvisfan1976,Melanie Deal,2010-10-06 17:54:32,A Trump Supporter + A member of the Choctaw Nation of Oklahoma and I love Neal McCoy and Elvis Presley!,1313,2893,"McAlester, OK",
196,693265022378734000,@realDonaldTrump  hello no time to answer Mr trump,0,0,TweetCaster for Android,2016-01-30 02:50:36,903854431,thomasstone920,Thomas J. Stone,2012-10-25 12:51:07,"I am from Philadelphia, living with Crohn's disease. In need of transportation, food, winter clothes. Please donate. 17ViN8h5s5UtzoteRbMFhXpAL6B5kjc2LQ",69,496,"Philadelphia, PA",
197,693263362738799000,RT @thepeoplesview: The third-party candidacy of Donald Trump  https://t.co/InGOlkpbep,6,0,Twitter Web Client,2016-01-30 02:44:00,169980652,PrettyFootWoman,Pretty Foot,2010-07-23 17:11:12,Stepping ..one pretty foot at a time!!,1221,1513,"Willow Grove, PA",Eastern Time (US & Canada)
198,693262349235569000,"@The_Trump_Train   In a word, GENIUS.",0,1,Twitter for iPhone,2016-01-30 02:39:58,2405211005,lisalisa365,lisa tucker,2014-03-12 16:24:06,,55,126,,
199,693261986927219000,"RT @RicksRant: #CNN No one wants to watch Hillary Clinton, that old hag. It's your chance to actually get some ratings. Put on Trump!",1,0,Twitter for Android,2016-01-30 02:38:32,2740367668,AlamoEdward,Edward Alamo,2014-08-11 23:37:51,,453,281,,
200,693261611813978000,@reg1776 Beck is turning into Renfield....his going to be crying and eating spiders in a dark room when trump wins.,0,1,Twitter for Android,2016-01-30 02:37:03,238003047,Madddman26,Joe Madden,2011-01-14 04:00:51,"Patriot, Guncrank and Fighting the liberal narrative tooth and nail.  This is war not the exchange of ideas. 'libertatem aut mortem!'",2430,2623,Ft. Myers ,Central Time (US & Canada)
201,693260803147993000,Rubio had great night. Unlike Trump who thinks he's Reagan. Reagan had a lot more class n respect something money can't buy!,0,0,Twitter for Android Tablets,2016-01-30 02:33:50,930929425,SansoneChris,Chris Sansone13,2012-11-07 01:21:39,"Chris from NJ shore. NEVER MISS THE FIVE ON FOX. Live for Miami Fins, NY Yankees",6,35,new jersey(shore area),
202,693260113688158000,@Bohoover @_HankRearden @jimalle26279141 @danneskjold16 @JulietteIsabell Just thought I stop by a Trump echo chamber. Gotta go!,0,0,Twitter for iPhone,2016-01-30 02:31:05,320967163,mikemerc57,Mike Merc,2011-06-20 20:23:11,"American, Patriot, Conservative. We live in the greatest country in the history of the world. We need to act like it.",893,1117,,
203,693259158859153000,So glad I'm not part of the Trump cult.,0,1,TweetCaster for iOS,2016-01-30 02:27:18,394496693,DonPastor1,Don  Howard,2011-10-20 05:04:13,"Son of man, I have made thee a watchman unto the house of Israel: therefore hear the word at my mouth, and give them warning from me.
Ezekiel 3:17",487,473,"Bay,Arkansas ",Central Time (US & Canada)
204,693257748440461000,"@Stordoor @realDonaldTrump @gigglemitz @GeraldoRivera @FoxNews I've said I Wld vote for the GOP nominee, Trump makes good points, but...",1,2,Twitter for Android Tablets,2016-01-30 02:21:41,54251487,1AmericanWoman,1AmericanWoman,2009-07-06 16:21:16,"Conservative, Christian, Pro-Life, Children's book author, singer/songwriter, Tea Party, #tcot, #tgdn. Love Reagan, but  what we need now is a Calvin Coolidge.",1891,1892,,Mountain Time (US & Canada)
205,693257357527163000,@jaketapper @andersoncooper @Lawrence @owillis @billmaher  Why is the pundocracy afraid to say common bond of Trump followers is bigotry?,0,2,Twitter for Android Tablets,2016-01-30 02:20:08,1184544560,JeanneFischer33,Jeanne Fischer,2013-02-16 03:41:45,Retired and more radical with age. #Uniteblue,2221,2966,Ca,
206,693257212655964000,@SamanthaJelly really? I thought it was Donald trump?,0,0,Twitter for iPhone,2016-01-30 02:19:34,62706768,snspacer31,sai,2009-08-04 03:31:22,30 year old retired nurse. CEO of I mania Inc. Huge yankee fan (kinda obvious),169,769,,
207,693255977605468000,Little Donny Trump is sad because Fox News called him out his bad behavior!,0,0,Twitter for Android,2016-01-30 02:14:39,3293280742,gdulanski3,Freecom200,2015-05-21 19:42:49,sci fi writer who enjoys self education and reading William Shakespeare for fun!,519,1277,Facebook,
208,693255249151300000,@SRShowSXM @notsam top twitter trending canada ted lol donald trump is a fucking genoius,0,1,TweetCaster for Android,2016-01-30 02:11:46,23854293,thebucch,Kevin Bucchio,2009-03-11 23:41:10,"Comedian lounge blogger, Yapper, obsessed with Boston sports",475,240,"Melbourne, Fl  from Boston,Ma",Eastern Time (US & Canada)
209,693252689363227000,#borat #donaldtrump @ Trump International Hotel ÔºÜ Tower https://t.co/cpCc5WyY5b,0,0,Instagram,2016-01-30 02:01:35,68278706,Jennzy25,Jenn Rogers,2009-08-24 00:34:20,Insta; jennzykay Snap; jennzy123,373,1380,"Manhattan, NY",Eastern Time (US & Canada)
210,693252460257886000,"@LoriPatriot Were it not for the generosity of Trump, the democrats would not be so well funded.",0,0,TweetCaster for iOS,2016-01-30 02:00:41,394496693,DonPastor1,Don  Howard,2011-10-20 05:04:13,"Son of man, I have made thee a watchman unto the house of Israel: therefore hear the word at my mouth, and give them warning from me.
Ezekiel 3:17",487,473,"Bay,Arkansas ",Central Time (US & Canada)
211,693251733946937000,@NateSilver538: Trump's gonna dominate another news cycle!predicts person responsible for programmimg news cycle @brianstelter @frankrichny,0,0,Twitter for Android Tablets,2016-01-30 01:57:48,1184544560,JeanneFischer33,Jeanne Fischer,2013-02-16 03:41:45,Retired and more radical with age. #Uniteblue,2221,2966,Ca,
212,693251500148134000,"RT @ecshowalter: Clever editing-- ""Stephen Colbert Makes Donald Trump Debate Himself  https://t.co/wJJYpqm07B""",5,0,Twitter Web Client,2016-01-30 01:56:52,9859762,alexapearce,Alexa Pearce,2007-11-01 18:28:07,Librarian for History & American Culture at the University of Michigan,439,544,"Ann Arbor, MI; New York, NY",Quito
213,693249540242182000,"Donald Trump Is Shocking, Vulgar and Right https://t.co/fmknHb9HHK",0,0,Twitter for Android,2016-01-30 01:49:05,238003047,Madddman26,Joe Madden,2011-01-14 04:00:51,"Patriot, Guncrank and Fighting the liberal narrative tooth and nail.  This is war not the exchange of ideas. 'libertatem aut mortem!'",2430,2623,Ft. Myers ,Central Time (US & Canada)
214,693249318321558000,"RT @ecshowalter: Clever editing-- ""Stephen Colbert Makes Donald Trump Debate Himself  https://t.co/wJJYpqm07B""",5,0,Twitter Web Client,2016-01-30 01:48:12,1410466843,Thomas__Weber,Thomas Weber,2013-05-07 14:59:50,Historian and writer,236,143,,
215,693249202349015000,@realDonaldTrump  hello Mr Trump I will vote for u,0,0,TweetCaster for Android,2016-01-30 01:47:44,903854431,thomasstone920,Thomas J. Stone,2012-10-25 12:51:07,"I am from Philadelphia, living with Crohn's disease. In need of transportation, food, winter clothes. Please donate. 17ViN8h5s5UtzoteRbMFhXpAL6B5kjc2LQ",69,496,"Philadelphia, PA",
216,693249133541392000,"""@Texas4Cruz: Trump putting people down again. It's really getting beyond disgusting and old. He's a small man with a big ego."" #Bully",0,0,Twitter for Android Tablets,2016-01-30 01:47:28,19948559,3dogmary,Mary Ann K.,2009-02-03 02:16:37,"Conservative,soon to be Empty Nester. Charlie's mom. Love whiskey, dogs, USA and the Constitution. Followed by @SenTedCruz #SwedesSoccer  #Boston #Patriots",4648,4670,"Little Elm, TX",America/Chicago
217,693249017980047000,"Watch ""Monumentally Stupid Anti-Trump Video Debunked"" on YouTube - https://t.co/dLHQA7jaX7",0,1,Fenix for Android,2016-01-30 01:47:00,32730444,keithh1981,Keith E. Hendrickson,2009-04-18 02:07:57,"Lutheran Christian, Conservative Republican, and limited government.",917,2089,"Racine, Wisconsin",
218,693247673713959000,RT @Kristy_Mickle88: Obstreperous - the new word I just found that describes Trump but not in a good way! #ImWithHuck Humble but tenacious!‚Ä¶,2,0,Twitter Web Client,2016-01-30 01:41:39,2975604540,teamhuck16ma,teamhuck16ma,2015-01-12 03:48:44,Mike Huckabee 2016! Massachusetts grassroots support team for @GovMikeHuckabee. #HopeToHigherGround #ImWithHuck,361,435,Massachusetts,Central Time (US & Canada)
219,693245176362435000,RT @thgchoir: Maybe my Donald trump mask came in the mail today. Now I'm ready to get into trouble! #upthepunx‚Ä¶ https://t.co/YEAlxy9TOs,5,0,Twitter for Android,2016-01-30 01:31:44,4296874396,JayZizzleFizzle,Booba Fett,2015-11-27 13:56:14,"26. Asshole. Insomniac. Always busy, constantly bored. I'm writing a book. It's gonna be weird. I can rap Alphabet Aerobics. I like podcasts and shit. #TESD",302,175,On the Death Tit,Pacific Time (US & Canada)
220,693244673771594000,RT @thgchoir: Maybe my Donald trump mask came in the mail today. Now I'm ready to get into trouble! #upthepunx‚Ä¶ https://t.co/YEAlxy9TOs,5,0,Twitter for Android,2016-01-30 01:29:44,1665487380,hypnoticspxlls,egg,2013-08-12 16:50:39,"i walk away from everything, i'm feeling fine
he/they",1216,558,snowdin,Atlantic Time (Canada)
221,693243702886691000,@_HankRearden @danneskjold16 @JulietteIsabell @mickcollins1921 Please Mr. Trump don't take my home. But lady it's a yuuuuge deal.,0,1,Twitter for iPhone,2016-01-30 01:25:53,320967163,mikemerc57,Mike Merc,2011-06-20 20:23:11,"American, Patriot, Conservative. We live in the greatest country in the history of the world. We need to act like it.",893,1117,,
222,693243674184983000,RT @thgchoir: Maybe my Donald trump mask came in the mail today. Now I'm ready to get into trouble! #upthepunx‚Ä¶ https://t.co/YEAlxy9TOs,5,0,Twitter for iPhone,2016-01-30 01:25:46,2940402525,legit_witch,m¬°nna,2014-12-25 07:18:30,my ghost is a masterpiece .Âáª.,804,884,18.04,Pacific Time (US & Canada)
223,693243642157351000,Maybe my Donald trump mask came in the mail today. Now I'm ready to get into trouble! #upthepunx‚Ä¶ https://t.co/YEAlxy9TOs,5,23,Instagram,2016-01-30 01:25:38,316598297,thgchoir,homelessgospelchoir,2011-06-13 17:51:39,The Homeless Gospel Choir is just an idea. I can promise you it's only going to get weirder.No one really knows anything for sure.,4800,217,"Pittsburgh, PA",Eastern Time (US & Canada)
224,693243294537622000,Obstreperous - the new word I just found that describes Trump but not in a good way! #ImWithHuck Humble but tenacious! Calm but firm &amp; bold!,2,2,Twitter for iPhone,2016-01-30 01:24:15,2488670390,Kristy_Mickle88,Kristy Mickle,2014-05-10 19:38:28,"AL District 4 Chair @GovMikeHuckabee Presidential Campaign. #GOP #ImWithHuck and proud of it!A good, strong leader that leads following Christ.The right leader!",95,59,,
225,693239290780742000,"""@bguarino58: @Trump_time @greta @BenSasse&lt;--covered up sexual assault on male pages @realDonaldTrump @uneverevermo #BoycottFoxNews""",0,0,Twitter for Android,2016-01-30 01:08:21,65935091,TWEETLEYYOURS,Tweetleyyours,2009-08-15 17:18:19,,158,762,,
226,693237923811041000,Rating the GOP debate minus Trump https://t.co/yOALTKeDLh,0,0,BubbleLife,2016-01-30 01:02:55,333413235,BLifeSMU,SMU BubbleLife News,2011-07-11 14:10:16,"SMU BubbleLife features Southern Methodist University news, photos and events. Share your news and events at https://t.co/J5sMRB9QCn.",329,1143,"University Park, Dallas, TX",Central Time (US & Canada)
227,693236728593777000,"I'm at Trump International Hotel &amp; Tower - @trumpcollection in Chicago, IL https://t.co/n9PrLPyGyC",0,1,Foursquare,2016-01-30 00:58:10,11343032,delicatess,Delicate Ass,2007-12-19 17:52:56,"http://t.co/VDkgK0uRUY
http://t.co/mn7dn65Bfk",613,611,Odessa,Kyiv
228,693235014272578000,"RT @JeanneFischer33: ""@jacqui4peace: @jaketapper @MaddowBlog @Lawrence @hardball_chris    Colbert did it best! Only one exposing TRUMP http‚Ä¶",1,0,Twitter Web Client,2016-01-30 00:51:21,277845186,jacqui4peace,‚òÆJacquiUpNorth‚òÆ,2011-04-06 04:29:52,"Progressive Dem 4 life,Wife Mother, Grandmother Air Force mom I Love President Obama. #Peace #Love #PACKERS #inners #maddow #UniteDems #UniteBlue #SwissCorner",1434,1243,Way up north Wisconsin ,Central Time (US & Canada)
229,693233504298078000,"@realDonaldTrump @greta 
Trump for President",0,0,Twitter for Android,2016-01-30 00:45:21,3871271117,TrudeKolb,Trude Kolb,2015-10-05 13:07:19,Republican,13,66,"Nashville,TN",
230,693232191283806000,"RT @ecshowalter: Clever editing-- ""Stephen Colbert Makes Donald Trump Debate Himself  https://t.co/wJJYpqm07B""",5,0,Twitter for iPad,2016-01-30 00:40:08,579792548,DavidRArmitage,David Armitage,2012-05-14 11:31:23,"@Harvard_History chair. Analogue historian in a digital world. Author of Civil War: A History in Ideas (Knopf, 2017).",7323,3027,"Cambridge, MA",
231,693231795081462000,@UpshotNYT @nytimes the truth of the matter is  Donald Trump is rude and crude who doesn't have what it takes to be the President.,0,0,Twitter for Android,2016-01-30 00:38:34,625833016,kwasiniffa,ademola Oni,2012-07-03 19:42:51,CEO Crownade Venture Business Consultants.,76,354,,
232,693231229986959000,@hwils43   I'm on the TRUMP TRAIN &amp; I'm a Kyle Busch fan also!!,0,1,Twitter for Android,2016-01-30 00:36:19,3051277161,joybellesshadow,Joy,2015-02-22 00:55:10,Southern Trump supporter from day 1!,146,230,Mississippi,
233,693230054122340000,"""@HillaryClinton: Trump wasn‚Äôt at the latest #GOPdebate‚Äîbut his ideas certainly were. https://t.co/tUF9jlceuQ""#ImWithHer",0,0,Twitter for Android,2016-01-30 00:31:39,26919151,AmyDugan,Amy Dugan,2009-03-27 01:52:34,Faculty Hondros College of Nursing. I worked on Hillary's campaign in 08. I run a blog Current News in Medicine http://t.co/3QiFAHUeDS,1685,2978,Hamilton OH,Quito
234,693229521202315000,Wow an account I allowed turned itself into Trump Newsfeed. Nice try Donald,0,0,Talon (Plus),2016-01-30 00:29:32,266188372,JimBlackMax,Wingo,2011-03-14 20:34:37,I enjoy long baths in the woods and gathering piss clams,908,736,High on a hill in the trees ,Quito
235,693228633087988000,@Sammie_Snickers @Rebel_Bill @SenTedCruz Well you must not be Trump supporter then.,0,0,Twitter for iPhone,2016-01-30 00:26:00,320967163,mikemerc57,Mike Merc,2011-06-20 20:23:11,"American, Patriot, Conservative. We live in the greatest country in the history of the world. We need to act like it.",893,1117,,
236,693228338832413000,My friend chillin at the window sill  #peace üíõ @ Trump International‚Ä¶ https://t.co/78vXA9Qytt,0,0,Instagram,2016-01-30 00:24:50,977593075,AftonLJordan,Afton Laidy Jordan,2012-11-29 04:33:45,‚ä±‚úø #Author of #TheFlowerYouOnceHeld #Artist #Writer #VoiceOverArtist #ACX #AudibleAudiobookNarrator #FullSailBFA #Poet ‚úø‚ä∞,1257,1889,KIK: B34utifyll,Eastern Time (US & Canada)
237,693227877249217000,Just posted a photo @ Trump International Hotel Las Vegas https://t.co/v5DRLNsrLs,0,0,Instagram,2016-01-30 00:23:00,977593075,AftonLJordan,Afton Laidy Jordan,2012-11-29 04:33:45,‚ä±‚úø #Author of #TheFlowerYouOnceHeld #Artist #Writer #VoiceOverArtist #ACX #AudibleAudiobookNarrator #FullSailBFA #Poet ‚úø‚ä∞,1257,1889,KIK: B34utifyll,Eastern Time (US & Canada)
238,693226704500691000,"""@jacqui4peace: @jaketapper @MaddowBlog @Lawrence @hardball_chris    Colbert did it best! Only one exposing TRUMP https://t.co/bJBEy52Mt8""",1,1,Twitter for Android Tablets,2016-01-30 00:18:20,1184544560,JeanneFischer33,Jeanne Fischer,2013-02-16 03:41:45,Retired and more radical with age. #Uniteblue,2221,2966,Ca,
239,693226623244575000,Just posted a video @ Trump International Hotel Las Vegas https://t.co/xSrZit5Ltq,0,0,Instagram,2016-01-30 00:18:01,977593075,AftonLJordan,Afton Laidy Jordan,2012-11-29 04:33:45,‚ä±‚úø #Author of #TheFlowerYouOnceHeld #Artist #Writer #VoiceOverArtist #ACX #AudibleAudiobookNarrator #FullSailBFA #Poet ‚úø‚ä∞,1257,1889,KIK: B34utifyll,Eastern Time (US & Canada)
240,693225348788433000,RT @thepeoplesview: The third-party candidacy of Donald Trump  https://t.co/InGOlkpbep,6,0,Twitter Web Client,2016-01-30 00:12:57,583113311,Lib_Librarian,Liberal Librarian,2012-05-17 20:32:07,"Guybrarian, NOT libertarian. Obamacrat. Cubano-americano. Don't be a dick; that is the totality of the Law. The rest is commentary. Potty mouth.",5894,3305,"Los Angeles, CA",Pacific Time (US & Canada)
241,693224867504607000,RT @hbdonnaj: #greta no  it didn't change my mind! Trump is my choice,1,0,Twitter Web Client,2016-01-30 00:11:02,3318042248,YesIamMadAsHell,YesIAmMadAsHell,2015-08-17 19:36:31,,792,733,,Pacific Time (US & Canada)
242,693224715649831000,#greta no  it didn't change my mind! Trump is my choice,1,1,Twitter for iPhone,2016-01-30 00:10:26,62345284,hbdonnaj,DJ,2009-08-02 20:40:32,,43,32,"Surf City, Huntington Beach,CA",Pacific Time (US & Canada)
243,693224516105798000,"https://t.co/fSmMfc6KGl
EXCLUSIVE: Megyn Kelly Tells Touching Story About Donald Trump That Speaks 'Beautifully' of Him",1,0,Twitter for Android,2016-01-30 00:09:38,2777515285,rbaggett70,Richard Baggett,2014-08-29 01:06:11,,0,4,,
244,693223751672947000,"@thehill WOW, what a scoop. Trump is so predictable.",0,1,Twitter for Android Tablets,2016-01-30 00:06:36,1184544560,JeanneFischer33,Jeanne Fischer,2013-02-16 03:41:45,Retired and more radical with age. #Uniteblue,2221,2966,Ca,
245,693222379560923000,@BretBaier @ezrocks0011 Whats Steve Hayes drink Trump was his loser off the wk really,0,0,Twitter for Android,2016-01-30 00:01:09,2573936996,ezrocks0011,EZ Smith,2014-06-18 02:05:14,,7,6,Corpus Christi Tx,
